filepath,label,writer_id,sheet_id,source_sheet,cell_index
dataset/images/0/ Khan_ 0_ sheet1_ 0.png,0,Khan,sheet1,Khan_0_sheet1.JPG,0
dataset/images/0/ Khan_ 0_ sheet1_ 1.png,0,Khan,sheet1,Khan_0_sheet1.JPG,1
dataset/images/0/ Khan_ 0_ sheet1_ 2.png,0,Khan,sheet1,Khan_0_sheet1.JPG,2
dataset/images/0/ Khan_ 0_ sheet1_ 3.png,0,Khan,sheet1,Khan_0_sheet1.JPG,3
dataset/images/0/ Khan_ 0_ sheet1_ 4.png,0,Khan,sheet1,Khan_0_sheet1.JPG,4
dataset/images/0/ Khan_ 0_ sheet1_ 5.png,0,Khan,sheet1,Khan_0_sheet1.JPG,5
dataset/images/0/ Khan_ 0_ sheet1_ 6.png,0,Khan,sheet1,Khan_0_sheet1.JPG,6
dataset/images/0/ Khan_ 0_ sheet1_ 7.png,0,Khan,sheet1,Khan_0_sheet1.JPG,7
dataset/images/0/ Khan_ 0_ sheet1_ 8.png,0,Khan,sheet1,Khan_0_sheet1.JPG,8
dataset/images/0/ Khan_ 0_ sheet1_ 9.png,0,Khan,sheet1,Khan_0_sheet1.JPG,9
dataset/images/0/ Khan_ 0_ sheet1_ 10.png,0,Khan,sheet1,Khan_0_sheet1.JPG,10
dataset/images/0/ Khan_ 0_ sheet1_ 11.png,0,Khan,sheet1,Khan_0_sheet1.JPG,11
dataset/images/0/ Khan_ 0_ sheet1_ 12.png,0,Khan,sheet1,Khan_0_sheet1.JPG,12
dataset/images/0/ Khan_ 0_ sheet1_ 13.png,0,Khan,sheet1,Khan_0_sheet1.JPG,13
dataset/images/0/ Khan_ 0_ sheet1_ 14.png,0,Khan,sheet1,Khan_0_sheet1.JPG,14
dataset/images/0/ Khan_ 0_ sheet1_ 15.png,0,Khan,sheet1,Khan_0_sheet1.JPG,15
dataset/images/0/ Khan_ 0_ sheet1_ 16.png,0,Khan,sheet1,Khan_0_sheet1.JPG,16
dataset/images/0/ Khan_ 0_ sheet1_ 17.png,0,Khan,sheet1,Khan_0_sheet1.JPG,17
dataset/images/0/ Khan_ 0_ sheet1_ 18.png,0,Khan,sheet1,Khan_0_sheet1.JPG,18
dataset/images/0/ Khan_ 0_ sheet1_ 19.png,0,Khan,sheet1,Khan_0_sheet1.JPG,19
dataset/images/0/ Khan_ 0_ sheet1_ 20.png,0,Khan,sheet1,Khan_0_sheet1.JPG,20
dataset/images/0/ Khan_ 0_ sheet1_ 21.png,0,Khan,sheet1,Khan_0_sheet1.JPG,21
dataset/images/0/ Khan_ 0_ sheet1_ 22.png,0,Khan,sheet1,Khan_0_sheet1.JPG,22
dataset/images/0/ Khan_ 0_ sheet1_ 23.png,0,Khan,sheet1,Khan_0_sheet1.JPG,23
dataset/images/0/ Khan_ 0_ sheet1_ 24.png,0,Khan,sheet1,Khan_0_sheet1.JPG,24
dataset/images/0/ Khan_ 0_ sheet1_ 25.png,0,Khan,sheet1,Khan_0_sheet1.JPG,25
dataset/images/0/ Khan_ 0_ sheet1_ 26.png,0,Khan,sheet1,Khan_0_sheet1.JPG,26
dataset/images/0/ Khan_ 0_ sheet1_ 27.png,0,Khan,sheet1,Khan_0_sheet1.JPG,27
dataset/images/0/ Khan_ 0_ sheet1_ 28.png,0,Khan,sheet1,Khan_0_sheet1.JPG,28
dataset/images/0/ Khan_ 0_ sheet1_ 29.png,0,Khan,sheet1,Khan_0_sheet1.JPG,29
dataset/images/0/ Khan_ 0_ sheet1_ 30.png,0,Khan,sheet1,Khan_0_sheet1.JPG,30
dataset/images/0/ Khan_ 0_ sheet1_ 31.png,0,Khan,sheet1,Khan_0_sheet1.JPG,31
dataset/images/0/ Khan_ 0_ sheet1_ 32.png,0,Khan,sheet1,Khan_0_sheet1.JPG,32
dataset/images/0/ Khan_ 0_ sheet1_ 33.png,0,Khan,sheet1,Khan_0_sheet1.JPG,33
dataset/images/0/ Khan_ 0_ sheet1_ 34.png,0,Khan,sheet1,Khan_0_sheet1.JPG,34
dataset/images/0/ Khan_ 0_ sheet1_ 35.png,0,Khan,sheet1,Khan_0_sheet1.JPG,35
dataset/images/0/ Khan_ 0_ sheet1_ 36.png,0,Khan,sheet1,Khan_0_sheet1.JPG,36
dataset/images/0/ Khan_ 0_ sheet1_ 37.png,0,Khan,sheet1,Khan_0_sheet1.JPG,37
dataset/images/0/ Khan_ 0_ sheet1_ 38.png,0,Khan,sheet1,Khan_0_sheet1.JPG,38
dataset/images/0/ Khan_ 0_ sheet1_ 39.png,0,Khan,sheet1,Khan_0_sheet1.JPG,39
dataset/images/0/ Khan_ 0_ sheet1_ 40.png,0,Khan,sheet1,Khan_0_sheet1.JPG,40
dataset/images/0/ Khan_ 0_ sheet1_ 41.png,0,Khan,sheet1,Khan_0_sheet1.JPG,41
dataset/images/0/ Khan_ 0_ sheet1_ 42.png,0,Khan,sheet1,Khan_0_sheet1.JPG,42
dataset/images/0/ Khan_ 0_ sheet1_ 43.png,0,Khan,sheet1,Khan_0_sheet1.JPG,43
dataset/images/0/ Khan_ 0_ sheet1_ 44.png,0,Khan,sheet1,Khan_0_sheet1.JPG,44
dataset/images/0/ Khan_ 0_ sheet1_ 45.png,0,Khan,sheet1,Khan_0_sheet1.JPG,45
dataset/images/0/ Khan_ 0_ sheet1_ 46.png,0,Khan,sheet1,Khan_0_sheet1.JPG,46
dataset/images/0/ Khan_ 0_ sheet1_ 47.png,0,Khan,sheet1,Khan_0_sheet1.JPG,47
dataset/images/0/ Khan_ 0_ sheet1_ 48.png,0,Khan,sheet1,Khan_0_sheet1.JPG,48
dataset/images/0/ Khan_ 0_ sheet1_ 49.png,0,Khan,sheet1,Khan_0_sheet1.JPG,49
dataset/images/0/ Khan_ 0_ sheet1_ 50.png,0,Khan,sheet1,Khan_0_sheet1.JPG,50
dataset/images/0/ Khan_ 0_ sheet1_ 51.png,0,Khan,sheet1,Khan_0_sheet1.JPG,51
dataset/images/0/ Khan_ 0_ sheet1_ 52.png,0,Khan,sheet1,Khan_0_sheet1.JPG,52
dataset/images/0/ Khan_ 0_ sheet1_ 53.png,0,Khan,sheet1,Khan_0_sheet1.JPG,53
dataset/images/0/ Khan_ 0_ sheet1_ 54.png,0,Khan,sheet1,Khan_0_sheet1.JPG,54
dataset/images/0/ Khan_ 0_ sheet1_ 55.png,0,Khan,sheet1,Khan_0_sheet1.JPG,55
dataset/images/0/ Khan_ 0_ sheet1_ 56.png,0,Khan,sheet1,Khan_0_sheet1.JPG,56
dataset/images/0/ Khan_ 0_ sheet1_ 57.png,0,Khan,sheet1,Khan_0_sheet1.JPG,57
dataset/images/0/ Khan_ 0_ sheet1_ 58.png,0,Khan,sheet1,Khan_0_sheet1.JPG,58
dataset/images/0/ Khan_ 0_ sheet1_ 59.png,0,Khan,sheet1,Khan_0_sheet1.JPG,59
dataset/images/0/ Khan_ 0_ sheet1_ 60.png,0,Khan,sheet1,Khan_0_sheet1.JPG,60
dataset/images/0/ Khan_ 0_ sheet1_ 61.png,0,Khan,sheet1,Khan_0_sheet1.JPG,61
dataset/images/0/ Khan_ 0_ sheet1_ 62.png,0,Khan,sheet1,Khan_0_sheet1.JPG,62
dataset/images/0/ Khan_ 0_ sheet1_ 63.png,0,Khan,sheet1,Khan_0_sheet1.JPG,63
dataset/images/0/ Khan_ 0_ sheet1_ 64.png,0,Khan,sheet1,Khan_0_sheet1.JPG,64
dataset/images/0/ Khan_ 0_ sheet1_ 65.png,0,Khan,sheet1,Khan_0_sheet1.JPG,65
dataset/images/0/ Khan_ 0_ sheet1_ 66.png,0,Khan,sheet1,Khan_0_sheet1.JPG,66
dataset/images/0/ Khan_ 0_ sheet1_ 67.png,0,Khan,sheet1,Khan_0_sheet1.JPG,67
dataset/images/0/ Khan_ 0_ sheet1_ 68.png,0,Khan,sheet1,Khan_0_sheet1.JPG,68
dataset/images/0/ Khan_ 0_ sheet1_ 69.png,0,Khan,sheet1,Khan_0_sheet1.JPG,69
dataset/images/0/ Khan_ 0_ sheet1_ 70.png,0,Khan,sheet1,Khan_0_sheet1.JPG,70
dataset/images/0/ Khan_ 0_ sheet1_ 71.png,0,Khan,sheet1,Khan_0_sheet1.JPG,71
dataset/images/0/ Khan_ 0_ sheet1_ 72.png,0,Khan,sheet1,Khan_0_sheet1.JPG,72
dataset/images/0/ Khan_ 0_ sheet1_ 73.png,0,Khan,sheet1,Khan_0_sheet1.JPG,73
dataset/images/0/ Khan_ 0_ sheet1_ 74.png,0,Khan,sheet1,Khan_0_sheet1.JPG,74
dataset/images/0/ Khan_ 0_ sheet1_ 75.png,0,Khan,sheet1,Khan_0_sheet1.JPG,75
dataset/images/0/ Khan_ 0_ sheet1_ 76.png,0,Khan,sheet1,Khan_0_sheet1.JPG,76
dataset/images/0/ Khan_ 0_ sheet1_ 77.png,0,Khan,sheet1,Khan_0_sheet1.JPG,77
dataset/images/0/ Khan_ 0_ sheet1_ 78.png,0,Khan,sheet1,Khan_0_sheet1.JPG,78
dataset/images/0/ Khan_ 0_ sheet1_ 79.png,0,Khan,sheet1,Khan_0_sheet1.JPG,79
dataset/images/0/ Khan_ 0_ sheet1_ 80.png,0,Khan,sheet1,Khan_0_sheet1.JPG,80
dataset/images/0/ Khan_ 0_ sheet1_ 81.png,0,Khan,sheet1,Khan_0_sheet1.JPG,81
dataset/images/0/ Khan_ 0_ sheet1_ 82.png,0,Khan,sheet1,Khan_0_sheet1.JPG,82
dataset/images/0/ Khan_ 0_ sheet1_ 83.png,0,Khan,sheet1,Khan_0_sheet1.JPG,83
dataset/images/0/ Khan_ 0_ sheet1_ 84.png,0,Khan,sheet1,Khan_0_sheet1.JPG,84
dataset/images/0/ Khan_ 0_ sheet1_ 85.png,0,Khan,sheet1,Khan_0_sheet1.JPG,85
dataset/images/0/ Khan_ 0_ sheet1_ 86.png,0,Khan,sheet1,Khan_0_sheet1.JPG,86
dataset/images/0/ Khan_ 0_ sheet1_ 87.png,0,Khan,sheet1,Khan_0_sheet1.JPG,87
dataset/images/0/ Khan_ 0_ sheet1_ 88.png,0,Khan,sheet1,Khan_0_sheet1.JPG,88
dataset/images/0/ Khan_ 0_ sheet1_ 89.png,0,Khan,sheet1,Khan_0_sheet1.JPG,89
dataset/images/0/ Khan_ 0_ sheet1_ 90.png,0,Khan,sheet1,Khan_0_sheet1.JPG,90
dataset/images/0/ Khan_ 0_ sheet1_ 91.png,0,Khan,sheet1,Khan_0_sheet1.JPG,91
dataset/images/0/ Khan_ 0_ sheet1_ 92.png,0,Khan,sheet1,Khan_0_sheet1.JPG,92
dataset/images/0/ Khan_ 0_ sheet1_ 93.png,0,Khan,sheet1,Khan_0_sheet1.JPG,93
dataset/images/0/ Khan_ 0_ sheet1_ 94.png,0,Khan,sheet1,Khan_0_sheet1.JPG,94
dataset/images/0/ Khan_ 0_ sheet1_ 95.png,0,Khan,sheet1,Khan_0_sheet1.JPG,95
dataset/images/0/ Khan_ 0_ sheet1_ 96.png,0,Khan,sheet1,Khan_0_sheet1.JPG,96
dataset/images/0/ Khan_ 0_ sheet1_ 97.png,0,Khan,sheet1,Khan_0_sheet1.JPG,97
dataset/images/0/ Khan_ 0_ sheet1_ 98.png,0,Khan,sheet1,Khan_0_sheet1.JPG,98
dataset/images/0/ Khan_ 0_ sheet1_ 99.png,0,Khan,sheet1,Khan_0_sheet1.JPG,99
dataset/images/0/ Khan_ 0_ sheet2_ 0.png,0,Khan,sheet2,Khan_0_sheet2.JPG,0
dataset/images/0/ Khan_ 0_ sheet2_ 1.png,0,Khan,sheet2,Khan_0_sheet2.JPG,1
dataset/images/0/ Khan_ 0_ sheet2_ 2.png,0,Khan,sheet2,Khan_0_sheet2.JPG,2
dataset/images/0/ Khan_ 0_ sheet2_ 3.png,0,Khan,sheet2,Khan_0_sheet2.JPG,3
dataset/images/0/ Khan_ 0_ sheet2_ 4.png,0,Khan,sheet2,Khan_0_sheet2.JPG,4
dataset/images/0/ Khan_ 0_ sheet2_ 5.png,0,Khan,sheet2,Khan_0_sheet2.JPG,5
dataset/images/0/ Khan_ 0_ sheet2_ 6.png,0,Khan,sheet2,Khan_0_sheet2.JPG,6
dataset/images/0/ Khan_ 0_ sheet2_ 7.png,0,Khan,sheet2,Khan_0_sheet2.JPG,7
dataset/images/0/ Khan_ 0_ sheet2_ 8.png,0,Khan,sheet2,Khan_0_sheet2.JPG,8
dataset/images/0/ Khan_ 0_ sheet2_ 9.png,0,Khan,sheet2,Khan_0_sheet2.JPG,9
dataset/images/0/ Khan_ 0_ sheet2_ 10.png,0,Khan,sheet2,Khan_0_sheet2.JPG,10
dataset/images/0/ Khan_ 0_ sheet2_ 11.png,0,Khan,sheet2,Khan_0_sheet2.JPG,11
dataset/images/0/ Khan_ 0_ sheet2_ 12.png,0,Khan,sheet2,Khan_0_sheet2.JPG,12
dataset/images/0/ Khan_ 0_ sheet2_ 13.png,0,Khan,sheet2,Khan_0_sheet2.JPG,13
dataset/images/0/ Khan_ 0_ sheet2_ 14.png,0,Khan,sheet2,Khan_0_sheet2.JPG,14
dataset/images/0/ Khan_ 0_ sheet2_ 15.png,0,Khan,sheet2,Khan_0_sheet2.JPG,15
dataset/images/0/ Khan_ 0_ sheet2_ 16.png,0,Khan,sheet2,Khan_0_sheet2.JPG,16
dataset/images/0/ Khan_ 0_ sheet2_ 17.png,0,Khan,sheet2,Khan_0_sheet2.JPG,17
dataset/images/0/ Khan_ 0_ sheet2_ 18.png,0,Khan,sheet2,Khan_0_sheet2.JPG,18
dataset/images/0/ Khan_ 0_ sheet2_ 19.png,0,Khan,sheet2,Khan_0_sheet2.JPG,19
dataset/images/0/ Khan_ 0_ sheet2_ 20.png,0,Khan,sheet2,Khan_0_sheet2.JPG,20
dataset/images/0/ Khan_ 0_ sheet2_ 21.png,0,Khan,sheet2,Khan_0_sheet2.JPG,21
dataset/images/0/ Khan_ 0_ sheet2_ 22.png,0,Khan,sheet2,Khan_0_sheet2.JPG,22
dataset/images/0/ Khan_ 0_ sheet2_ 23.png,0,Khan,sheet2,Khan_0_sheet2.JPG,23
dataset/images/0/ Khan_ 0_ sheet2_ 24.png,0,Khan,sheet2,Khan_0_sheet2.JPG,24
dataset/images/0/ Khan_ 0_ sheet2_ 25.png,0,Khan,sheet2,Khan_0_sheet2.JPG,25
dataset/images/0/ Khan_ 0_ sheet2_ 26.png,0,Khan,sheet2,Khan_0_sheet2.JPG,26
dataset/images/0/ Khan_ 0_ sheet2_ 27.png,0,Khan,sheet2,Khan_0_sheet2.JPG,27
dataset/images/0/ Khan_ 0_ sheet2_ 28.png,0,Khan,sheet2,Khan_0_sheet2.JPG,28
dataset/images/0/ Khan_ 0_ sheet2_ 29.png,0,Khan,sheet2,Khan_0_sheet2.JPG,29
dataset/images/0/ Khan_ 0_ sheet2_ 30.png,0,Khan,sheet2,Khan_0_sheet2.JPG,30
dataset/images/0/ Khan_ 0_ sheet2_ 31.png,0,Khan,sheet2,Khan_0_sheet2.JPG,31
dataset/images/0/ Khan_ 0_ sheet2_ 32.png,0,Khan,sheet2,Khan_0_sheet2.JPG,32
dataset/images/0/ Khan_ 0_ sheet2_ 33.png,0,Khan,sheet2,Khan_0_sheet2.JPG,33
dataset/images/0/ Khan_ 0_ sheet2_ 34.png,0,Khan,sheet2,Khan_0_sheet2.JPG,34
dataset/images/0/ Khan_ 0_ sheet2_ 35.png,0,Khan,sheet2,Khan_0_sheet2.JPG,35
dataset/images/0/ Khan_ 0_ sheet2_ 36.png,0,Khan,sheet2,Khan_0_sheet2.JPG,36
dataset/images/0/ Khan_ 0_ sheet2_ 37.png,0,Khan,sheet2,Khan_0_sheet2.JPG,37
dataset/images/0/ Khan_ 0_ sheet2_ 38.png,0,Khan,sheet2,Khan_0_sheet2.JPG,38
dataset/images/0/ Khan_ 0_ sheet2_ 39.png,0,Khan,sheet2,Khan_0_sheet2.JPG,39
dataset/images/0/ Khan_ 0_ sheet2_ 40.png,0,Khan,sheet2,Khan_0_sheet2.JPG,40
dataset/images/0/ Khan_ 0_ sheet2_ 41.png,0,Khan,sheet2,Khan_0_sheet2.JPG,41
dataset/images/0/ Khan_ 0_ sheet2_ 42.png,0,Khan,sheet2,Khan_0_sheet2.JPG,42
dataset/images/0/ Khan_ 0_ sheet2_ 43.png,0,Khan,sheet2,Khan_0_sheet2.JPG,43
dataset/images/0/ Khan_ 0_ sheet2_ 44.png,0,Khan,sheet2,Khan_0_sheet2.JPG,44
dataset/images/0/ Khan_ 0_ sheet2_ 45.png,0,Khan,sheet2,Khan_0_sheet2.JPG,45
dataset/images/0/ Khan_ 0_ sheet2_ 46.png,0,Khan,sheet2,Khan_0_sheet2.JPG,46
dataset/images/0/ Khan_ 0_ sheet2_ 47.png,0,Khan,sheet2,Khan_0_sheet2.JPG,47
dataset/images/0/ Khan_ 0_ sheet2_ 48.png,0,Khan,sheet2,Khan_0_sheet2.JPG,48
dataset/images/0/ Khan_ 0_ sheet2_ 49.png,0,Khan,sheet2,Khan_0_sheet2.JPG,49
dataset/images/0/ Khan_ 0_ sheet2_ 50.png,0,Khan,sheet2,Khan_0_sheet2.JPG,50
dataset/images/0/ Khan_ 0_ sheet2_ 51.png,0,Khan,sheet2,Khan_0_sheet2.JPG,51
dataset/images/0/ Khan_ 0_ sheet2_ 52.png,0,Khan,sheet2,Khan_0_sheet2.JPG,52
dataset/images/0/ Khan_ 0_ sheet2_ 53.png,0,Khan,sheet2,Khan_0_sheet2.JPG,53
dataset/images/0/ Khan_ 0_ sheet2_ 54.png,0,Khan,sheet2,Khan_0_sheet2.JPG,54
dataset/images/0/ Khan_ 0_ sheet2_ 55.png,0,Khan,sheet2,Khan_0_sheet2.JPG,55
dataset/images/0/ Khan_ 0_ sheet2_ 56.png,0,Khan,sheet2,Khan_0_sheet2.JPG,56
dataset/images/0/ Khan_ 0_ sheet2_ 57.png,0,Khan,sheet2,Khan_0_sheet2.JPG,57
dataset/images/0/ Khan_ 0_ sheet2_ 58.png,0,Khan,sheet2,Khan_0_sheet2.JPG,58
dataset/images/0/ Khan_ 0_ sheet2_ 59.png,0,Khan,sheet2,Khan_0_sheet2.JPG,59
dataset/images/0/ Khan_ 0_ sheet2_ 60.png,0,Khan,sheet2,Khan_0_sheet2.JPG,60
dataset/images/0/ Khan_ 0_ sheet2_ 61.png,0,Khan,sheet2,Khan_0_sheet2.JPG,61
dataset/images/0/ Khan_ 0_ sheet2_ 62.png,0,Khan,sheet2,Khan_0_sheet2.JPG,62
dataset/images/0/ Khan_ 0_ sheet2_ 63.png,0,Khan,sheet2,Khan_0_sheet2.JPG,63
dataset/images/0/ Khan_ 0_ sheet2_ 64.png,0,Khan,sheet2,Khan_0_sheet2.JPG,64
dataset/images/0/ Khan_ 0_ sheet2_ 65.png,0,Khan,sheet2,Khan_0_sheet2.JPG,65
dataset/images/0/ Khan_ 0_ sheet2_ 66.png,0,Khan,sheet2,Khan_0_sheet2.JPG,66
dataset/images/0/ Khan_ 0_ sheet2_ 67.png,0,Khan,sheet2,Khan_0_sheet2.JPG,67
dataset/images/0/ Khan_ 0_ sheet2_ 68.png,0,Khan,sheet2,Khan_0_sheet2.JPG,68
dataset/images/0/ Khan_ 0_ sheet2_ 69.png,0,Khan,sheet2,Khan_0_sheet2.JPG,69
dataset/images/0/ Khan_ 0_ sheet2_ 70.png,0,Khan,sheet2,Khan_0_sheet2.JPG,70
dataset/images/0/ Khan_ 0_ sheet2_ 71.png,0,Khan,sheet2,Khan_0_sheet2.JPG,71
dataset/images/0/ Khan_ 0_ sheet2_ 72.png,0,Khan,sheet2,Khan_0_sheet2.JPG,72
dataset/images/0/ Khan_ 0_ sheet2_ 73.png,0,Khan,sheet2,Khan_0_sheet2.JPG,73
dataset/images/0/ Khan_ 0_ sheet2_ 74.png,0,Khan,sheet2,Khan_0_sheet2.JPG,74
dataset/images/0/ Khan_ 0_ sheet2_ 75.png,0,Khan,sheet2,Khan_0_sheet2.JPG,75
dataset/images/0/ Khan_ 0_ sheet2_ 76.png,0,Khan,sheet2,Khan_0_sheet2.JPG,76
dataset/images/0/ Khan_ 0_ sheet2_ 77.png,0,Khan,sheet2,Khan_0_sheet2.JPG,77
dataset/images/0/ Khan_ 0_ sheet2_ 78.png,0,Khan,sheet2,Khan_0_sheet2.JPG,78
dataset/images/0/ Khan_ 0_ sheet2_ 79.png,0,Khan,sheet2,Khan_0_sheet2.JPG,79
dataset/images/0/ Khan_ 0_ sheet2_ 80.png,0,Khan,sheet2,Khan_0_sheet2.JPG,80
dataset/images/0/ Khan_ 0_ sheet2_ 81.png,0,Khan,sheet2,Khan_0_sheet2.JPG,81
dataset/images/0/ Khan_ 0_ sheet2_ 82.png,0,Khan,sheet2,Khan_0_sheet2.JPG,82
dataset/images/0/ Khan_ 0_ sheet2_ 83.png,0,Khan,sheet2,Khan_0_sheet2.JPG,83
dataset/images/0/ Khan_ 0_ sheet2_ 84.png,0,Khan,sheet2,Khan_0_sheet2.JPG,84
dataset/images/0/ Khan_ 0_ sheet2_ 85.png,0,Khan,sheet2,Khan_0_sheet2.JPG,85
dataset/images/0/ Khan_ 0_ sheet2_ 86.png,0,Khan,sheet2,Khan_0_sheet2.JPG,86
dataset/images/0/ Khan_ 0_ sheet2_ 87.png,0,Khan,sheet2,Khan_0_sheet2.JPG,87
dataset/images/0/ Khan_ 0_ sheet2_ 88.png,0,Khan,sheet2,Khan_0_sheet2.JPG,88
dataset/images/0/ Khan_ 0_ sheet2_ 89.png,0,Khan,sheet2,Khan_0_sheet2.JPG,89
dataset/images/0/ Khan_ 0_ sheet2_ 90.png,0,Khan,sheet2,Khan_0_sheet2.JPG,90
dataset/images/0/ Khan_ 0_ sheet2_ 91.png,0,Khan,sheet2,Khan_0_sheet2.JPG,91
dataset/images/0/ Khan_ 0_ sheet2_ 92.png,0,Khan,sheet2,Khan_0_sheet2.JPG,92
dataset/images/0/ Khan_ 0_ sheet2_ 93.png,0,Khan,sheet2,Khan_0_sheet2.JPG,93
dataset/images/0/ Khan_ 0_ sheet2_ 94.png,0,Khan,sheet2,Khan_0_sheet2.JPG,94
dataset/images/0/ Khan_ 0_ sheet2_ 95.png,0,Khan,sheet2,Khan_0_sheet2.JPG,95
dataset/images/0/ Khan_ 0_ sheet2_ 96.png,0,Khan,sheet2,Khan_0_sheet2.JPG,96
dataset/images/0/ Khan_ 0_ sheet2_ 97.png,0,Khan,sheet2,Khan_0_sheet2.JPG,97
dataset/images/0/ Khan_ 0_ sheet2_ 98.png,0,Khan,sheet2,Khan_0_sheet2.JPG,98
dataset/images/0/ Khan_ 0_ sheet2_ 99.png,0,Khan,sheet2,Khan_0_sheet2.JPG,99
dataset/images/1/ Khan_ 1_ sheet3_ 0.png,1,Khan,sheet3,Khan_1_sheet3.JPG,0
dataset/images/1/ Khan_ 1_ sheet3_ 1.png,1,Khan,sheet3,Khan_1_sheet3.JPG,1
dataset/images/1/ Khan_ 1_ sheet3_ 2.png,1,Khan,sheet3,Khan_1_sheet3.JPG,2
dataset/images/1/ Khan_ 1_ sheet3_ 3.png,1,Khan,sheet3,Khan_1_sheet3.JPG,3
dataset/images/1/ Khan_ 1_ sheet3_ 4.png,1,Khan,sheet3,Khan_1_sheet3.JPG,4
dataset/images/1/ Khan_ 1_ sheet3_ 5.png,1,Khan,sheet3,Khan_1_sheet3.JPG,5
dataset/images/1/ Khan_ 1_ sheet3_ 6.png,1,Khan,sheet3,Khan_1_sheet3.JPG,6
dataset/images/1/ Khan_ 1_ sheet3_ 7.png,1,Khan,sheet3,Khan_1_sheet3.JPG,7
dataset/images/1/ Khan_ 1_ sheet3_ 8.png,1,Khan,sheet3,Khan_1_sheet3.JPG,8
dataset/images/1/ Khan_ 1_ sheet3_ 9.png,1,Khan,sheet3,Khan_1_sheet3.JPG,9
dataset/images/1/ Khan_ 1_ sheet3_ 10.png,1,Khan,sheet3,Khan_1_sheet3.JPG,10
dataset/images/1/ Khan_ 1_ sheet3_ 11.png,1,Khan,sheet3,Khan_1_sheet3.JPG,11
dataset/images/1/ Khan_ 1_ sheet3_ 12.png,1,Khan,sheet3,Khan_1_sheet3.JPG,12
dataset/images/1/ Khan_ 1_ sheet3_ 13.png,1,Khan,sheet3,Khan_1_sheet3.JPG,13
dataset/images/1/ Khan_ 1_ sheet3_ 14.png,1,Khan,sheet3,Khan_1_sheet3.JPG,14
dataset/images/1/ Khan_ 1_ sheet3_ 15.png,1,Khan,sheet3,Khan_1_sheet3.JPG,15
dataset/images/1/ Khan_ 1_ sheet3_ 16.png,1,Khan,sheet3,Khan_1_sheet3.JPG,16
dataset/images/1/ Khan_ 1_ sheet3_ 17.png,1,Khan,sheet3,Khan_1_sheet3.JPG,17
dataset/images/1/ Khan_ 1_ sheet3_ 18.png,1,Khan,sheet3,Khan_1_sheet3.JPG,18
dataset/images/1/ Khan_ 1_ sheet3_ 19.png,1,Khan,sheet3,Khan_1_sheet3.JPG,19
dataset/images/1/ Khan_ 1_ sheet3_ 20.png,1,Khan,sheet3,Khan_1_sheet3.JPG,20
dataset/images/1/ Khan_ 1_ sheet3_ 21.png,1,Khan,sheet3,Khan_1_sheet3.JPG,21
dataset/images/1/ Khan_ 1_ sheet3_ 22.png,1,Khan,sheet3,Khan_1_sheet3.JPG,22
dataset/images/1/ Khan_ 1_ sheet3_ 23.png,1,Khan,sheet3,Khan_1_sheet3.JPG,23
dataset/images/1/ Khan_ 1_ sheet3_ 24.png,1,Khan,sheet3,Khan_1_sheet3.JPG,24
dataset/images/1/ Khan_ 1_ sheet3_ 25.png,1,Khan,sheet3,Khan_1_sheet3.JPG,25
dataset/images/1/ Khan_ 1_ sheet3_ 26.png,1,Khan,sheet3,Khan_1_sheet3.JPG,26
dataset/images/1/ Khan_ 1_ sheet3_ 27.png,1,Khan,sheet3,Khan_1_sheet3.JPG,27
dataset/images/1/ Khan_ 1_ sheet3_ 28.png,1,Khan,sheet3,Khan_1_sheet3.JPG,28
dataset/images/1/ Khan_ 1_ sheet3_ 29.png,1,Khan,sheet3,Khan_1_sheet3.JPG,29
dataset/images/1/ Khan_ 1_ sheet3_ 30.png,1,Khan,sheet3,Khan_1_sheet3.JPG,30
dataset/images/1/ Khan_ 1_ sheet3_ 31.png,1,Khan,sheet3,Khan_1_sheet3.JPG,31
dataset/images/1/ Khan_ 1_ sheet3_ 32.png,1,Khan,sheet3,Khan_1_sheet3.JPG,32
dataset/images/1/ Khan_ 1_ sheet3_ 33.png,1,Khan,sheet3,Khan_1_sheet3.JPG,33
dataset/images/1/ Khan_ 1_ sheet3_ 34.png,1,Khan,sheet3,Khan_1_sheet3.JPG,34
dataset/images/1/ Khan_ 1_ sheet3_ 35.png,1,Khan,sheet3,Khan_1_sheet3.JPG,35
dataset/images/1/ Khan_ 1_ sheet3_ 36.png,1,Khan,sheet3,Khan_1_sheet3.JPG,36
dataset/images/1/ Khan_ 1_ sheet3_ 37.png,1,Khan,sheet3,Khan_1_sheet3.JPG,37
dataset/images/1/ Khan_ 1_ sheet3_ 38.png,1,Khan,sheet3,Khan_1_sheet3.JPG,38
dataset/images/1/ Khan_ 1_ sheet3_ 39.png,1,Khan,sheet3,Khan_1_sheet3.JPG,39
dataset/images/1/ Khan_ 1_ sheet3_ 40.png,1,Khan,sheet3,Khan_1_sheet3.JPG,40
dataset/images/1/ Khan_ 1_ sheet3_ 41.png,1,Khan,sheet3,Khan_1_sheet3.JPG,41
dataset/images/1/ Khan_ 1_ sheet3_ 42.png,1,Khan,sheet3,Khan_1_sheet3.JPG,42
dataset/images/1/ Khan_ 1_ sheet3_ 43.png,1,Khan,sheet3,Khan_1_sheet3.JPG,43
dataset/images/1/ Khan_ 1_ sheet3_ 44.png,1,Khan,sheet3,Khan_1_sheet3.JPG,44
dataset/images/1/ Khan_ 1_ sheet3_ 45.png,1,Khan,sheet3,Khan_1_sheet3.JPG,45
dataset/images/1/ Khan_ 1_ sheet3_ 46.png,1,Khan,sheet3,Khan_1_sheet3.JPG,46
dataset/images/1/ Khan_ 1_ sheet3_ 47.png,1,Khan,sheet3,Khan_1_sheet3.JPG,47
dataset/images/1/ Khan_ 1_ sheet3_ 48.png,1,Khan,sheet3,Khan_1_sheet3.JPG,48
dataset/images/1/ Khan_ 1_ sheet3_ 49.png,1,Khan,sheet3,Khan_1_sheet3.JPG,49
dataset/images/1/ Khan_ 1_ sheet3_ 50.png,1,Khan,sheet3,Khan_1_sheet3.JPG,50
dataset/images/1/ Khan_ 1_ sheet3_ 51.png,1,Khan,sheet3,Khan_1_sheet3.JPG,51
dataset/images/1/ Khan_ 1_ sheet3_ 52.png,1,Khan,sheet3,Khan_1_sheet3.JPG,52
dataset/images/1/ Khan_ 1_ sheet3_ 53.png,1,Khan,sheet3,Khan_1_sheet3.JPG,53
dataset/images/1/ Khan_ 1_ sheet3_ 54.png,1,Khan,sheet3,Khan_1_sheet3.JPG,54
dataset/images/1/ Khan_ 1_ sheet3_ 55.png,1,Khan,sheet3,Khan_1_sheet3.JPG,55
dataset/images/1/ Khan_ 1_ sheet3_ 56.png,1,Khan,sheet3,Khan_1_sheet3.JPG,56
dataset/images/1/ Khan_ 1_ sheet3_ 57.png,1,Khan,sheet3,Khan_1_sheet3.JPG,57
dataset/images/1/ Khan_ 1_ sheet3_ 58.png,1,Khan,sheet3,Khan_1_sheet3.JPG,58
dataset/images/1/ Khan_ 1_ sheet3_ 59.png,1,Khan,sheet3,Khan_1_sheet3.JPG,59
dataset/images/1/ Khan_ 1_ sheet3_ 60.png,1,Khan,sheet3,Khan_1_sheet3.JPG,60
dataset/images/1/ Khan_ 1_ sheet3_ 61.png,1,Khan,sheet3,Khan_1_sheet3.JPG,61
dataset/images/1/ Khan_ 1_ sheet3_ 62.png,1,Khan,sheet3,Khan_1_sheet3.JPG,62
dataset/images/1/ Khan_ 1_ sheet3_ 63.png,1,Khan,sheet3,Khan_1_sheet3.JPG,63
dataset/images/1/ Khan_ 1_ sheet3_ 64.png,1,Khan,sheet3,Khan_1_sheet3.JPG,64
dataset/images/1/ Khan_ 1_ sheet3_ 65.png,1,Khan,sheet3,Khan_1_sheet3.JPG,65
dataset/images/1/ Khan_ 1_ sheet3_ 66.png,1,Khan,sheet3,Khan_1_sheet3.JPG,66
dataset/images/1/ Khan_ 1_ sheet3_ 67.png,1,Khan,sheet3,Khan_1_sheet3.JPG,67
dataset/images/1/ Khan_ 1_ sheet3_ 68.png,1,Khan,sheet3,Khan_1_sheet3.JPG,68
dataset/images/1/ Khan_ 1_ sheet3_ 69.png,1,Khan,sheet3,Khan_1_sheet3.JPG,69
dataset/images/1/ Khan_ 1_ sheet3_ 70.png,1,Khan,sheet3,Khan_1_sheet3.JPG,70
dataset/images/1/ Khan_ 1_ sheet3_ 71.png,1,Khan,sheet3,Khan_1_sheet3.JPG,71
dataset/images/1/ Khan_ 1_ sheet3_ 72.png,1,Khan,sheet3,Khan_1_sheet3.JPG,72
dataset/images/1/ Khan_ 1_ sheet3_ 73.png,1,Khan,sheet3,Khan_1_sheet3.JPG,73
dataset/images/1/ Khan_ 1_ sheet3_ 74.png,1,Khan,sheet3,Khan_1_sheet3.JPG,74
dataset/images/1/ Khan_ 1_ sheet3_ 75.png,1,Khan,sheet3,Khan_1_sheet3.JPG,75
dataset/images/1/ Khan_ 1_ sheet3_ 76.png,1,Khan,sheet3,Khan_1_sheet3.JPG,76
dataset/images/1/ Khan_ 1_ sheet3_ 77.png,1,Khan,sheet3,Khan_1_sheet3.JPG,77
dataset/images/1/ Khan_ 1_ sheet3_ 78.png,1,Khan,sheet3,Khan_1_sheet3.JPG,78
dataset/images/1/ Khan_ 1_ sheet3_ 79.png,1,Khan,sheet3,Khan_1_sheet3.JPG,79
dataset/images/1/ Khan_ 1_ sheet3_ 80.png,1,Khan,sheet3,Khan_1_sheet3.JPG,80
dataset/images/1/ Khan_ 1_ sheet3_ 81.png,1,Khan,sheet3,Khan_1_sheet3.JPG,81
dataset/images/1/ Khan_ 1_ sheet3_ 82.png,1,Khan,sheet3,Khan_1_sheet3.JPG,82
dataset/images/1/ Khan_ 1_ sheet3_ 83.png,1,Khan,sheet3,Khan_1_sheet3.JPG,83
dataset/images/1/ Khan_ 1_ sheet3_ 84.png,1,Khan,sheet3,Khan_1_sheet3.JPG,84
dataset/images/1/ Khan_ 1_ sheet3_ 85.png,1,Khan,sheet3,Khan_1_sheet3.JPG,85
dataset/images/1/ Khan_ 1_ sheet3_ 86.png,1,Khan,sheet3,Khan_1_sheet3.JPG,86
dataset/images/1/ Khan_ 1_ sheet3_ 87.png,1,Khan,sheet3,Khan_1_sheet3.JPG,87
dataset/images/1/ Khan_ 1_ sheet3_ 88.png,1,Khan,sheet3,Khan_1_sheet3.JPG,88
dataset/images/1/ Khan_ 1_ sheet3_ 89.png,1,Khan,sheet3,Khan_1_sheet3.JPG,89
dataset/images/1/ Khan_ 1_ sheet3_ 90.png,1,Khan,sheet3,Khan_1_sheet3.JPG,90
dataset/images/1/ Khan_ 1_ sheet3_ 91.png,1,Khan,sheet3,Khan_1_sheet3.JPG,91
dataset/images/1/ Khan_ 1_ sheet3_ 92.png,1,Khan,sheet3,Khan_1_sheet3.JPG,92
dataset/images/1/ Khan_ 1_ sheet3_ 93.png,1,Khan,sheet3,Khan_1_sheet3.JPG,93
dataset/images/1/ Khan_ 1_ sheet3_ 94.png,1,Khan,sheet3,Khan_1_sheet3.JPG,94
dataset/images/1/ Khan_ 1_ sheet3_ 95.png,1,Khan,sheet3,Khan_1_sheet3.JPG,95
dataset/images/1/ Khan_ 1_ sheet3_ 96.png,1,Khan,sheet3,Khan_1_sheet3.JPG,96
dataset/images/1/ Khan_ 1_ sheet3_ 97.png,1,Khan,sheet3,Khan_1_sheet3.JPG,97
dataset/images/1/ Khan_ 1_ sheet3_ 98.png,1,Khan,sheet3,Khan_1_sheet3.JPG,98
dataset/images/1/ Khan_ 1_ sheet3_ 99.png,1,Khan,sheet3,Khan_1_sheet3.JPG,99
dataset/images/1/ Khan_ 1_ sheet4_ 0.png,1,Khan,sheet4,Khan_1_sheet4.JPG,0
dataset/images/1/ Khan_ 1_ sheet4_ 1.png,1,Khan,sheet4,Khan_1_sheet4.JPG,1
dataset/images/1/ Khan_ 1_ sheet4_ 2.png,1,Khan,sheet4,Khan_1_sheet4.JPG,2
dataset/images/1/ Khan_ 1_ sheet4_ 3.png,1,Khan,sheet4,Khan_1_sheet4.JPG,3
dataset/images/1/ Khan_ 1_ sheet4_ 4.png,1,Khan,sheet4,Khan_1_sheet4.JPG,4
dataset/images/1/ Khan_ 1_ sheet4_ 5.png,1,Khan,sheet4,Khan_1_sheet4.JPG,5
dataset/images/1/ Khan_ 1_ sheet4_ 6.png,1,Khan,sheet4,Khan_1_sheet4.JPG,6
dataset/images/1/ Khan_ 1_ sheet4_ 7.png,1,Khan,sheet4,Khan_1_sheet4.JPG,7
dataset/images/1/ Khan_ 1_ sheet4_ 8.png,1,Khan,sheet4,Khan_1_sheet4.JPG,8
dataset/images/1/ Khan_ 1_ sheet4_ 9.png,1,Khan,sheet4,Khan_1_sheet4.JPG,9
dataset/images/1/ Khan_ 1_ sheet4_ 10.png,1,Khan,sheet4,Khan_1_sheet4.JPG,10
dataset/images/1/ Khan_ 1_ sheet4_ 11.png,1,Khan,sheet4,Khan_1_sheet4.JPG,11
dataset/images/1/ Khan_ 1_ sheet4_ 12.png,1,Khan,sheet4,Khan_1_sheet4.JPG,12
dataset/images/1/ Khan_ 1_ sheet4_ 13.png,1,Khan,sheet4,Khan_1_sheet4.JPG,13
dataset/images/1/ Khan_ 1_ sheet4_ 14.png,1,Khan,sheet4,Khan_1_sheet4.JPG,14
dataset/images/1/ Khan_ 1_ sheet4_ 15.png,1,Khan,sheet4,Khan_1_sheet4.JPG,15
dataset/images/1/ Khan_ 1_ sheet4_ 16.png,1,Khan,sheet4,Khan_1_sheet4.JPG,16
dataset/images/1/ Khan_ 1_ sheet4_ 17.png,1,Khan,sheet4,Khan_1_sheet4.JPG,17
dataset/images/1/ Khan_ 1_ sheet4_ 18.png,1,Khan,sheet4,Khan_1_sheet4.JPG,18
dataset/images/1/ Khan_ 1_ sheet4_ 19.png,1,Khan,sheet4,Khan_1_sheet4.JPG,19
dataset/images/1/ Khan_ 1_ sheet4_ 20.png,1,Khan,sheet4,Khan_1_sheet4.JPG,20
dataset/images/1/ Khan_ 1_ sheet4_ 21.png,1,Khan,sheet4,Khan_1_sheet4.JPG,21
dataset/images/1/ Khan_ 1_ sheet4_ 22.png,1,Khan,sheet4,Khan_1_sheet4.JPG,22
dataset/images/1/ Khan_ 1_ sheet4_ 23.png,1,Khan,sheet4,Khan_1_sheet4.JPG,23
dataset/images/1/ Khan_ 1_ sheet4_ 24.png,1,Khan,sheet4,Khan_1_sheet4.JPG,24
dataset/images/1/ Khan_ 1_ sheet4_ 25.png,1,Khan,sheet4,Khan_1_sheet4.JPG,25
dataset/images/1/ Khan_ 1_ sheet4_ 26.png,1,Khan,sheet4,Khan_1_sheet4.JPG,26
dataset/images/1/ Khan_ 1_ sheet4_ 27.png,1,Khan,sheet4,Khan_1_sheet4.JPG,27
dataset/images/1/ Khan_ 1_ sheet4_ 28.png,1,Khan,sheet4,Khan_1_sheet4.JPG,28
dataset/images/1/ Khan_ 1_ sheet4_ 29.png,1,Khan,sheet4,Khan_1_sheet4.JPG,29
dataset/images/1/ Khan_ 1_ sheet4_ 30.png,1,Khan,sheet4,Khan_1_sheet4.JPG,30
dataset/images/1/ Khan_ 1_ sheet4_ 31.png,1,Khan,sheet4,Khan_1_sheet4.JPG,31
dataset/images/1/ Khan_ 1_ sheet4_ 32.png,1,Khan,sheet4,Khan_1_sheet4.JPG,32
dataset/images/1/ Khan_ 1_ sheet4_ 33.png,1,Khan,sheet4,Khan_1_sheet4.JPG,33
dataset/images/1/ Khan_ 1_ sheet4_ 34.png,1,Khan,sheet4,Khan_1_sheet4.JPG,34
dataset/images/1/ Khan_ 1_ sheet4_ 35.png,1,Khan,sheet4,Khan_1_sheet4.JPG,35
dataset/images/1/ Khan_ 1_ sheet4_ 36.png,1,Khan,sheet4,Khan_1_sheet4.JPG,36
dataset/images/1/ Khan_ 1_ sheet4_ 37.png,1,Khan,sheet4,Khan_1_sheet4.JPG,37
dataset/images/1/ Khan_ 1_ sheet4_ 38.png,1,Khan,sheet4,Khan_1_sheet4.JPG,38
dataset/images/1/ Khan_ 1_ sheet4_ 39.png,1,Khan,sheet4,Khan_1_sheet4.JPG,39
dataset/images/1/ Khan_ 1_ sheet4_ 40.png,1,Khan,sheet4,Khan_1_sheet4.JPG,40
dataset/images/1/ Khan_ 1_ sheet4_ 41.png,1,Khan,sheet4,Khan_1_sheet4.JPG,41
dataset/images/1/ Khan_ 1_ sheet4_ 42.png,1,Khan,sheet4,Khan_1_sheet4.JPG,42
dataset/images/1/ Khan_ 1_ sheet4_ 43.png,1,Khan,sheet4,Khan_1_sheet4.JPG,43
dataset/images/1/ Khan_ 1_ sheet4_ 44.png,1,Khan,sheet4,Khan_1_sheet4.JPG,44
dataset/images/1/ Khan_ 1_ sheet4_ 45.png,1,Khan,sheet4,Khan_1_sheet4.JPG,45
dataset/images/1/ Khan_ 1_ sheet4_ 46.png,1,Khan,sheet4,Khan_1_sheet4.JPG,46
dataset/images/1/ Khan_ 1_ sheet4_ 47.png,1,Khan,sheet4,Khan_1_sheet4.JPG,47
dataset/images/1/ Khan_ 1_ sheet4_ 48.png,1,Khan,sheet4,Khan_1_sheet4.JPG,48
dataset/images/1/ Khan_ 1_ sheet4_ 49.png,1,Khan,sheet4,Khan_1_sheet4.JPG,49
dataset/images/1/ Khan_ 1_ sheet4_ 50.png,1,Khan,sheet4,Khan_1_sheet4.JPG,50
dataset/images/1/ Khan_ 1_ sheet4_ 51.png,1,Khan,sheet4,Khan_1_sheet4.JPG,51
dataset/images/1/ Khan_ 1_ sheet4_ 52.png,1,Khan,sheet4,Khan_1_sheet4.JPG,52
dataset/images/1/ Khan_ 1_ sheet4_ 53.png,1,Khan,sheet4,Khan_1_sheet4.JPG,53
dataset/images/1/ Khan_ 1_ sheet4_ 54.png,1,Khan,sheet4,Khan_1_sheet4.JPG,54
dataset/images/1/ Khan_ 1_ sheet4_ 55.png,1,Khan,sheet4,Khan_1_sheet4.JPG,55
dataset/images/1/ Khan_ 1_ sheet4_ 56.png,1,Khan,sheet4,Khan_1_sheet4.JPG,56
dataset/images/1/ Khan_ 1_ sheet4_ 57.png,1,Khan,sheet4,Khan_1_sheet4.JPG,57
dataset/images/1/ Khan_ 1_ sheet4_ 58.png,1,Khan,sheet4,Khan_1_sheet4.JPG,58
dataset/images/1/ Khan_ 1_ sheet4_ 59.png,1,Khan,sheet4,Khan_1_sheet4.JPG,59
dataset/images/1/ Khan_ 1_ sheet4_ 60.png,1,Khan,sheet4,Khan_1_sheet4.JPG,60
dataset/images/1/ Khan_ 1_ sheet4_ 61.png,1,Khan,sheet4,Khan_1_sheet4.JPG,61
dataset/images/1/ Khan_ 1_ sheet4_ 62.png,1,Khan,sheet4,Khan_1_sheet4.JPG,62
dataset/images/1/ Khan_ 1_ sheet4_ 63.png,1,Khan,sheet4,Khan_1_sheet4.JPG,63
dataset/images/1/ Khan_ 1_ sheet4_ 64.png,1,Khan,sheet4,Khan_1_sheet4.JPG,64
dataset/images/1/ Khan_ 1_ sheet4_ 65.png,1,Khan,sheet4,Khan_1_sheet4.JPG,65
dataset/images/1/ Khan_ 1_ sheet4_ 66.png,1,Khan,sheet4,Khan_1_sheet4.JPG,66
dataset/images/1/ Khan_ 1_ sheet4_ 67.png,1,Khan,sheet4,Khan_1_sheet4.JPG,67
dataset/images/1/ Khan_ 1_ sheet4_ 68.png,1,Khan,sheet4,Khan_1_sheet4.JPG,68
dataset/images/1/ Khan_ 1_ sheet4_ 69.png,1,Khan,sheet4,Khan_1_sheet4.JPG,69
dataset/images/1/ Khan_ 1_ sheet4_ 70.png,1,Khan,sheet4,Khan_1_sheet4.JPG,70
dataset/images/1/ Khan_ 1_ sheet4_ 71.png,1,Khan,sheet4,Khan_1_sheet4.JPG,71
dataset/images/1/ Khan_ 1_ sheet4_ 72.png,1,Khan,sheet4,Khan_1_sheet4.JPG,72
dataset/images/1/ Khan_ 1_ sheet4_ 73.png,1,Khan,sheet4,Khan_1_sheet4.JPG,73
dataset/images/1/ Khan_ 1_ sheet4_ 74.png,1,Khan,sheet4,Khan_1_sheet4.JPG,74
dataset/images/1/ Khan_ 1_ sheet4_ 75.png,1,Khan,sheet4,Khan_1_sheet4.JPG,75
dataset/images/1/ Khan_ 1_ sheet4_ 76.png,1,Khan,sheet4,Khan_1_sheet4.JPG,76
dataset/images/1/ Khan_ 1_ sheet4_ 77.png,1,Khan,sheet4,Khan_1_sheet4.JPG,77
dataset/images/1/ Khan_ 1_ sheet4_ 78.png,1,Khan,sheet4,Khan_1_sheet4.JPG,78
dataset/images/1/ Khan_ 1_ sheet4_ 79.png,1,Khan,sheet4,Khan_1_sheet4.JPG,79
dataset/images/1/ Khan_ 1_ sheet4_ 80.png,1,Khan,sheet4,Khan_1_sheet4.JPG,80
dataset/images/1/ Khan_ 1_ sheet4_ 81.png,1,Khan,sheet4,Khan_1_sheet4.JPG,81
dataset/images/1/ Khan_ 1_ sheet4_ 82.png,1,Khan,sheet4,Khan_1_sheet4.JPG,82
dataset/images/1/ Khan_ 1_ sheet4_ 83.png,1,Khan,sheet4,Khan_1_sheet4.JPG,83
dataset/images/1/ Khan_ 1_ sheet4_ 84.png,1,Khan,sheet4,Khan_1_sheet4.JPG,84
dataset/images/1/ Khan_ 1_ sheet4_ 85.png,1,Khan,sheet4,Khan_1_sheet4.JPG,85
dataset/images/1/ Khan_ 1_ sheet4_ 86.png,1,Khan,sheet4,Khan_1_sheet4.JPG,86
dataset/images/1/ Khan_ 1_ sheet4_ 87.png,1,Khan,sheet4,Khan_1_sheet4.JPG,87
dataset/images/1/ Khan_ 1_ sheet4_ 88.png,1,Khan,sheet4,Khan_1_sheet4.JPG,88
dataset/images/1/ Khan_ 1_ sheet4_ 89.png,1,Khan,sheet4,Khan_1_sheet4.JPG,89
dataset/images/1/ Khan_ 1_ sheet4_ 90.png,1,Khan,sheet4,Khan_1_sheet4.JPG,90
dataset/images/1/ Khan_ 1_ sheet4_ 91.png,1,Khan,sheet4,Khan_1_sheet4.JPG,91
dataset/images/1/ Khan_ 1_ sheet4_ 92.png,1,Khan,sheet4,Khan_1_sheet4.JPG,92
dataset/images/1/ Khan_ 1_ sheet4_ 93.png,1,Khan,sheet4,Khan_1_sheet4.JPG,93
dataset/images/1/ Khan_ 1_ sheet4_ 94.png,1,Khan,sheet4,Khan_1_sheet4.JPG,94
dataset/images/1/ Khan_ 1_ sheet4_ 95.png,1,Khan,sheet4,Khan_1_sheet4.JPG,95
dataset/images/1/ Khan_ 1_ sheet4_ 96.png,1,Khan,sheet4,Khan_1_sheet4.JPG,96
dataset/images/1/ Khan_ 1_ sheet4_ 97.png,1,Khan,sheet4,Khan_1_sheet4.JPG,97
dataset/images/1/ Khan_ 1_ sheet4_ 98.png,1,Khan,sheet4,Khan_1_sheet4.JPG,98
dataset/images/1/ Khan_ 1_ sheet4_ 99.png,1,Khan,sheet4,Khan_1_sheet4.JPG,99
dataset/images/2/ Khan_ 2_ sheet5_ 0.png,2,Khan,sheet5,Khan_2_sheet5.jpg,0
dataset/images/2/ Khan_ 2_ sheet5_ 1.png,2,Khan,sheet5,Khan_2_sheet5.jpg,1
dataset/images/2/ Khan_ 2_ sheet5_ 2.png,2,Khan,sheet5,Khan_2_sheet5.jpg,2
dataset/images/2/ Khan_ 2_ sheet5_ 3.png,2,Khan,sheet5,Khan_2_sheet5.jpg,3
dataset/images/2/ Khan_ 2_ sheet5_ 4.png,2,Khan,sheet5,Khan_2_sheet5.jpg,4
dataset/images/2/ Khan_ 2_ sheet5_ 5.png,2,Khan,sheet5,Khan_2_sheet5.jpg,5
dataset/images/2/ Khan_ 2_ sheet5_ 6.png,2,Khan,sheet5,Khan_2_sheet5.jpg,6
dataset/images/2/ Khan_ 2_ sheet5_ 7.png,2,Khan,sheet5,Khan_2_sheet5.jpg,7
dataset/images/2/ Khan_ 2_ sheet5_ 8.png,2,Khan,sheet5,Khan_2_sheet5.jpg,8
dataset/images/2/ Khan_ 2_ sheet5_ 9.png,2,Khan,sheet5,Khan_2_sheet5.jpg,9
dataset/images/2/ Khan_ 2_ sheet5_ 10.png,2,Khan,sheet5,Khan_2_sheet5.jpg,10
dataset/images/2/ Khan_ 2_ sheet5_ 11.png,2,Khan,sheet5,Khan_2_sheet5.jpg,11
dataset/images/2/ Khan_ 2_ sheet5_ 12.png,2,Khan,sheet5,Khan_2_sheet5.jpg,12
dataset/images/2/ Khan_ 2_ sheet5_ 13.png,2,Khan,sheet5,Khan_2_sheet5.jpg,13
dataset/images/2/ Khan_ 2_ sheet5_ 14.png,2,Khan,sheet5,Khan_2_sheet5.jpg,14
dataset/images/2/ Khan_ 2_ sheet5_ 15.png,2,Khan,sheet5,Khan_2_sheet5.jpg,15
dataset/images/2/ Khan_ 2_ sheet5_ 16.png,2,Khan,sheet5,Khan_2_sheet5.jpg,16
dataset/images/2/ Khan_ 2_ sheet5_ 17.png,2,Khan,sheet5,Khan_2_sheet5.jpg,17
dataset/images/2/ Khan_ 2_ sheet5_ 18.png,2,Khan,sheet5,Khan_2_sheet5.jpg,18
dataset/images/2/ Khan_ 2_ sheet5_ 19.png,2,Khan,sheet5,Khan_2_sheet5.jpg,19
dataset/images/2/ Khan_ 2_ sheet5_ 20.png,2,Khan,sheet5,Khan_2_sheet5.jpg,20
dataset/images/2/ Khan_ 2_ sheet5_ 21.png,2,Khan,sheet5,Khan_2_sheet5.jpg,21
dataset/images/2/ Khan_ 2_ sheet5_ 22.png,2,Khan,sheet5,Khan_2_sheet5.jpg,22
dataset/images/2/ Khan_ 2_ sheet5_ 23.png,2,Khan,sheet5,Khan_2_sheet5.jpg,23
dataset/images/2/ Khan_ 2_ sheet5_ 24.png,2,Khan,sheet5,Khan_2_sheet5.jpg,24
dataset/images/2/ Khan_ 2_ sheet5_ 25.png,2,Khan,sheet5,Khan_2_sheet5.jpg,25
dataset/images/2/ Khan_ 2_ sheet5_ 26.png,2,Khan,sheet5,Khan_2_sheet5.jpg,26
dataset/images/2/ Khan_ 2_ sheet5_ 27.png,2,Khan,sheet5,Khan_2_sheet5.jpg,27
dataset/images/2/ Khan_ 2_ sheet5_ 28.png,2,Khan,sheet5,Khan_2_sheet5.jpg,28
dataset/images/2/ Khan_ 2_ sheet5_ 29.png,2,Khan,sheet5,Khan_2_sheet5.jpg,29
dataset/images/2/ Khan_ 2_ sheet5_ 30.png,2,Khan,sheet5,Khan_2_sheet5.jpg,30
dataset/images/2/ Khan_ 2_ sheet5_ 31.png,2,Khan,sheet5,Khan_2_sheet5.jpg,31
dataset/images/2/ Khan_ 2_ sheet5_ 32.png,2,Khan,sheet5,Khan_2_sheet5.jpg,32
dataset/images/2/ Khan_ 2_ sheet5_ 33.png,2,Khan,sheet5,Khan_2_sheet5.jpg,33
dataset/images/2/ Khan_ 2_ sheet5_ 34.png,2,Khan,sheet5,Khan_2_sheet5.jpg,34
dataset/images/2/ Khan_ 2_ sheet5_ 35.png,2,Khan,sheet5,Khan_2_sheet5.jpg,35
dataset/images/2/ Khan_ 2_ sheet5_ 36.png,2,Khan,sheet5,Khan_2_sheet5.jpg,36
dataset/images/2/ Khan_ 2_ sheet5_ 37.png,2,Khan,sheet5,Khan_2_sheet5.jpg,37
dataset/images/2/ Khan_ 2_ sheet5_ 38.png,2,Khan,sheet5,Khan_2_sheet5.jpg,38
dataset/images/2/ Khan_ 2_ sheet5_ 39.png,2,Khan,sheet5,Khan_2_sheet5.jpg,39
dataset/images/2/ Khan_ 2_ sheet5_ 40.png,2,Khan,sheet5,Khan_2_sheet5.jpg,40
dataset/images/2/ Khan_ 2_ sheet5_ 41.png,2,Khan,sheet5,Khan_2_sheet5.jpg,41
dataset/images/2/ Khan_ 2_ sheet5_ 42.png,2,Khan,sheet5,Khan_2_sheet5.jpg,42
dataset/images/2/ Khan_ 2_ sheet5_ 43.png,2,Khan,sheet5,Khan_2_sheet5.jpg,43
dataset/images/2/ Khan_ 2_ sheet5_ 44.png,2,Khan,sheet5,Khan_2_sheet5.jpg,44
dataset/images/2/ Khan_ 2_ sheet5_ 45.png,2,Khan,sheet5,Khan_2_sheet5.jpg,45
dataset/images/2/ Khan_ 2_ sheet5_ 46.png,2,Khan,sheet5,Khan_2_sheet5.jpg,46
dataset/images/2/ Khan_ 2_ sheet5_ 47.png,2,Khan,sheet5,Khan_2_sheet5.jpg,47
dataset/images/2/ Khan_ 2_ sheet5_ 48.png,2,Khan,sheet5,Khan_2_sheet5.jpg,48
dataset/images/2/ Khan_ 2_ sheet5_ 49.png,2,Khan,sheet5,Khan_2_sheet5.jpg,49
dataset/images/2/ Khan_ 2_ sheet5_ 50.png,2,Khan,sheet5,Khan_2_sheet5.jpg,50
dataset/images/2/ Khan_ 2_ sheet5_ 51.png,2,Khan,sheet5,Khan_2_sheet5.jpg,51
dataset/images/2/ Khan_ 2_ sheet5_ 52.png,2,Khan,sheet5,Khan_2_sheet5.jpg,52
dataset/images/2/ Khan_ 2_ sheet5_ 53.png,2,Khan,sheet5,Khan_2_sheet5.jpg,53
dataset/images/2/ Khan_ 2_ sheet5_ 54.png,2,Khan,sheet5,Khan_2_sheet5.jpg,54
dataset/images/2/ Khan_ 2_ sheet5_ 55.png,2,Khan,sheet5,Khan_2_sheet5.jpg,55
dataset/images/2/ Khan_ 2_ sheet5_ 56.png,2,Khan,sheet5,Khan_2_sheet5.jpg,56
dataset/images/2/ Khan_ 2_ sheet5_ 57.png,2,Khan,sheet5,Khan_2_sheet5.jpg,57
dataset/images/2/ Khan_ 2_ sheet5_ 58.png,2,Khan,sheet5,Khan_2_sheet5.jpg,58
dataset/images/2/ Khan_ 2_ sheet5_ 59.png,2,Khan,sheet5,Khan_2_sheet5.jpg,59
dataset/images/2/ Khan_ 2_ sheet5_ 60.png,2,Khan,sheet5,Khan_2_sheet5.jpg,60
dataset/images/2/ Khan_ 2_ sheet5_ 61.png,2,Khan,sheet5,Khan_2_sheet5.jpg,61
dataset/images/2/ Khan_ 2_ sheet5_ 62.png,2,Khan,sheet5,Khan_2_sheet5.jpg,62
dataset/images/2/ Khan_ 2_ sheet5_ 63.png,2,Khan,sheet5,Khan_2_sheet5.jpg,63
dataset/images/2/ Khan_ 2_ sheet5_ 64.png,2,Khan,sheet5,Khan_2_sheet5.jpg,64
dataset/images/2/ Khan_ 2_ sheet5_ 65.png,2,Khan,sheet5,Khan_2_sheet5.jpg,65
dataset/images/2/ Khan_ 2_ sheet5_ 66.png,2,Khan,sheet5,Khan_2_sheet5.jpg,66
dataset/images/2/ Khan_ 2_ sheet5_ 67.png,2,Khan,sheet5,Khan_2_sheet5.jpg,67
dataset/images/2/ Khan_ 2_ sheet5_ 68.png,2,Khan,sheet5,Khan_2_sheet5.jpg,68
dataset/images/2/ Khan_ 2_ sheet5_ 69.png,2,Khan,sheet5,Khan_2_sheet5.jpg,69
dataset/images/2/ Khan_ 2_ sheet5_ 70.png,2,Khan,sheet5,Khan_2_sheet5.jpg,70
dataset/images/2/ Khan_ 2_ sheet5_ 71.png,2,Khan,sheet5,Khan_2_sheet5.jpg,71
dataset/images/2/ Khan_ 2_ sheet5_ 72.png,2,Khan,sheet5,Khan_2_sheet5.jpg,72
dataset/images/2/ Khan_ 2_ sheet5_ 73.png,2,Khan,sheet5,Khan_2_sheet5.jpg,73
dataset/images/2/ Khan_ 2_ sheet5_ 74.png,2,Khan,sheet5,Khan_2_sheet5.jpg,74
dataset/images/2/ Khan_ 2_ sheet5_ 75.png,2,Khan,sheet5,Khan_2_sheet5.jpg,75
dataset/images/2/ Khan_ 2_ sheet5_ 76.png,2,Khan,sheet5,Khan_2_sheet5.jpg,76
dataset/images/2/ Khan_ 2_ sheet5_ 77.png,2,Khan,sheet5,Khan_2_sheet5.jpg,77
dataset/images/2/ Khan_ 2_ sheet5_ 78.png,2,Khan,sheet5,Khan_2_sheet5.jpg,78
dataset/images/2/ Khan_ 2_ sheet5_ 79.png,2,Khan,sheet5,Khan_2_sheet5.jpg,79
dataset/images/2/ Khan_ 2_ sheet5_ 80.png,2,Khan,sheet5,Khan_2_sheet5.jpg,80
dataset/images/2/ Khan_ 2_ sheet5_ 81.png,2,Khan,sheet5,Khan_2_sheet5.jpg,81
dataset/images/2/ Khan_ 2_ sheet5_ 82.png,2,Khan,sheet5,Khan_2_sheet5.jpg,82
dataset/images/2/ Khan_ 2_ sheet5_ 83.png,2,Khan,sheet5,Khan_2_sheet5.jpg,83
dataset/images/2/ Khan_ 2_ sheet5_ 84.png,2,Khan,sheet5,Khan_2_sheet5.jpg,84
dataset/images/2/ Khan_ 2_ sheet5_ 85.png,2,Khan,sheet5,Khan_2_sheet5.jpg,85
dataset/images/2/ Khan_ 2_ sheet5_ 86.png,2,Khan,sheet5,Khan_2_sheet5.jpg,86
dataset/images/2/ Khan_ 2_ sheet5_ 87.png,2,Khan,sheet5,Khan_2_sheet5.jpg,87
dataset/images/2/ Khan_ 2_ sheet5_ 88.png,2,Khan,sheet5,Khan_2_sheet5.jpg,88
dataset/images/2/ Khan_ 2_ sheet5_ 89.png,2,Khan,sheet5,Khan_2_sheet5.jpg,89
dataset/images/2/ Khan_ 2_ sheet5_ 90.png,2,Khan,sheet5,Khan_2_sheet5.jpg,90
dataset/images/2/ Khan_ 2_ sheet5_ 91.png,2,Khan,sheet5,Khan_2_sheet5.jpg,91
dataset/images/2/ Khan_ 2_ sheet5_ 92.png,2,Khan,sheet5,Khan_2_sheet5.jpg,92
dataset/images/2/ Khan_ 2_ sheet5_ 93.png,2,Khan,sheet5,Khan_2_sheet5.jpg,93
dataset/images/2/ Khan_ 2_ sheet5_ 94.png,2,Khan,sheet5,Khan_2_sheet5.jpg,94
dataset/images/2/ Khan_ 2_ sheet5_ 95.png,2,Khan,sheet5,Khan_2_sheet5.jpg,95
dataset/images/2/ Khan_ 2_ sheet5_ 96.png,2,Khan,sheet5,Khan_2_sheet5.jpg,96
dataset/images/2/ Khan_ 2_ sheet5_ 97.png,2,Khan,sheet5,Khan_2_sheet5.jpg,97
dataset/images/2/ Khan_ 2_ sheet5_ 98.png,2,Khan,sheet5,Khan_2_sheet5.jpg,98
dataset/images/2/ Khan_ 2_ sheet5_ 99.png,2,Khan,sheet5,Khan_2_sheet5.jpg,99
dataset/images/2/ Khan_ 2_ sheet6_ 0.png,2,Khan,sheet6,Khan_2_sheet6.jpg,0
dataset/images/2/ Khan_ 2_ sheet6_ 1.png,2,Khan,sheet6,Khan_2_sheet6.jpg,1
dataset/images/2/ Khan_ 2_ sheet6_ 2.png,2,Khan,sheet6,Khan_2_sheet6.jpg,2
dataset/images/2/ Khan_ 2_ sheet6_ 3.png,2,Khan,sheet6,Khan_2_sheet6.jpg,3
dataset/images/2/ Khan_ 2_ sheet6_ 4.png,2,Khan,sheet6,Khan_2_sheet6.jpg,4
dataset/images/2/ Khan_ 2_ sheet6_ 5.png,2,Khan,sheet6,Khan_2_sheet6.jpg,5
dataset/images/2/ Khan_ 2_ sheet6_ 6.png,2,Khan,sheet6,Khan_2_sheet6.jpg,6
dataset/images/2/ Khan_ 2_ sheet6_ 7.png,2,Khan,sheet6,Khan_2_sheet6.jpg,7
dataset/images/2/ Khan_ 2_ sheet6_ 8.png,2,Khan,sheet6,Khan_2_sheet6.jpg,8
dataset/images/2/ Khan_ 2_ sheet6_ 9.png,2,Khan,sheet6,Khan_2_sheet6.jpg,9
dataset/images/2/ Khan_ 2_ sheet6_ 10.png,2,Khan,sheet6,Khan_2_sheet6.jpg,10
dataset/images/2/ Khan_ 2_ sheet6_ 11.png,2,Khan,sheet6,Khan_2_sheet6.jpg,11
dataset/images/2/ Khan_ 2_ sheet6_ 12.png,2,Khan,sheet6,Khan_2_sheet6.jpg,12
dataset/images/2/ Khan_ 2_ sheet6_ 13.png,2,Khan,sheet6,Khan_2_sheet6.jpg,13
dataset/images/2/ Khan_ 2_ sheet6_ 14.png,2,Khan,sheet6,Khan_2_sheet6.jpg,14
dataset/images/2/ Khan_ 2_ sheet6_ 15.png,2,Khan,sheet6,Khan_2_sheet6.jpg,15
dataset/images/2/ Khan_ 2_ sheet6_ 16.png,2,Khan,sheet6,Khan_2_sheet6.jpg,16
dataset/images/2/ Khan_ 2_ sheet6_ 17.png,2,Khan,sheet6,Khan_2_sheet6.jpg,17
dataset/images/2/ Khan_ 2_ sheet6_ 18.png,2,Khan,sheet6,Khan_2_sheet6.jpg,18
dataset/images/2/ Khan_ 2_ sheet6_ 19.png,2,Khan,sheet6,Khan_2_sheet6.jpg,19
dataset/images/2/ Khan_ 2_ sheet6_ 20.png,2,Khan,sheet6,Khan_2_sheet6.jpg,20
dataset/images/2/ Khan_ 2_ sheet6_ 21.png,2,Khan,sheet6,Khan_2_sheet6.jpg,21
dataset/images/2/ Khan_ 2_ sheet6_ 22.png,2,Khan,sheet6,Khan_2_sheet6.jpg,22
dataset/images/2/ Khan_ 2_ sheet6_ 23.png,2,Khan,sheet6,Khan_2_sheet6.jpg,23
dataset/images/2/ Khan_ 2_ sheet6_ 24.png,2,Khan,sheet6,Khan_2_sheet6.jpg,24
dataset/images/2/ Khan_ 2_ sheet6_ 25.png,2,Khan,sheet6,Khan_2_sheet6.jpg,25
dataset/images/2/ Khan_ 2_ sheet6_ 26.png,2,Khan,sheet6,Khan_2_sheet6.jpg,26
dataset/images/2/ Khan_ 2_ sheet6_ 27.png,2,Khan,sheet6,Khan_2_sheet6.jpg,27
dataset/images/2/ Khan_ 2_ sheet6_ 28.png,2,Khan,sheet6,Khan_2_sheet6.jpg,28
dataset/images/2/ Khan_ 2_ sheet6_ 29.png,2,Khan,sheet6,Khan_2_sheet6.jpg,29
dataset/images/2/ Khan_ 2_ sheet6_ 30.png,2,Khan,sheet6,Khan_2_sheet6.jpg,30
dataset/images/2/ Khan_ 2_ sheet6_ 31.png,2,Khan,sheet6,Khan_2_sheet6.jpg,31
dataset/images/2/ Khan_ 2_ sheet6_ 32.png,2,Khan,sheet6,Khan_2_sheet6.jpg,32
dataset/images/2/ Khan_ 2_ sheet6_ 33.png,2,Khan,sheet6,Khan_2_sheet6.jpg,33
dataset/images/2/ Khan_ 2_ sheet6_ 34.png,2,Khan,sheet6,Khan_2_sheet6.jpg,34
dataset/images/2/ Khan_ 2_ sheet6_ 35.png,2,Khan,sheet6,Khan_2_sheet6.jpg,35
dataset/images/2/ Khan_ 2_ sheet6_ 36.png,2,Khan,sheet6,Khan_2_sheet6.jpg,36
dataset/images/2/ Khan_ 2_ sheet6_ 37.png,2,Khan,sheet6,Khan_2_sheet6.jpg,37
dataset/images/2/ Khan_ 2_ sheet6_ 38.png,2,Khan,sheet6,Khan_2_sheet6.jpg,38
dataset/images/2/ Khan_ 2_ sheet6_ 39.png,2,Khan,sheet6,Khan_2_sheet6.jpg,39
dataset/images/2/ Khan_ 2_ sheet6_ 40.png,2,Khan,sheet6,Khan_2_sheet6.jpg,40
dataset/images/2/ Khan_ 2_ sheet6_ 41.png,2,Khan,sheet6,Khan_2_sheet6.jpg,41
dataset/images/2/ Khan_ 2_ sheet6_ 42.png,2,Khan,sheet6,Khan_2_sheet6.jpg,42
dataset/images/2/ Khan_ 2_ sheet6_ 43.png,2,Khan,sheet6,Khan_2_sheet6.jpg,43
dataset/images/2/ Khan_ 2_ sheet6_ 44.png,2,Khan,sheet6,Khan_2_sheet6.jpg,44
dataset/images/2/ Khan_ 2_ sheet6_ 45.png,2,Khan,sheet6,Khan_2_sheet6.jpg,45
dataset/images/2/ Khan_ 2_ sheet6_ 46.png,2,Khan,sheet6,Khan_2_sheet6.jpg,46
dataset/images/2/ Khan_ 2_ sheet6_ 47.png,2,Khan,sheet6,Khan_2_sheet6.jpg,47
dataset/images/2/ Khan_ 2_ sheet6_ 48.png,2,Khan,sheet6,Khan_2_sheet6.jpg,48
dataset/images/2/ Khan_ 2_ sheet6_ 49.png,2,Khan,sheet6,Khan_2_sheet6.jpg,49
dataset/images/2/ Khan_ 2_ sheet6_ 50.png,2,Khan,sheet6,Khan_2_sheet6.jpg,50
dataset/images/2/ Khan_ 2_ sheet6_ 51.png,2,Khan,sheet6,Khan_2_sheet6.jpg,51
dataset/images/2/ Khan_ 2_ sheet6_ 52.png,2,Khan,sheet6,Khan_2_sheet6.jpg,52
dataset/images/2/ Khan_ 2_ sheet6_ 53.png,2,Khan,sheet6,Khan_2_sheet6.jpg,53
dataset/images/2/ Khan_ 2_ sheet6_ 54.png,2,Khan,sheet6,Khan_2_sheet6.jpg,54
dataset/images/2/ Khan_ 2_ sheet6_ 55.png,2,Khan,sheet6,Khan_2_sheet6.jpg,55
dataset/images/2/ Khan_ 2_ sheet6_ 56.png,2,Khan,sheet6,Khan_2_sheet6.jpg,56
dataset/images/2/ Khan_ 2_ sheet6_ 57.png,2,Khan,sheet6,Khan_2_sheet6.jpg,57
dataset/images/2/ Khan_ 2_ sheet6_ 58.png,2,Khan,sheet6,Khan_2_sheet6.jpg,58
dataset/images/2/ Khan_ 2_ sheet6_ 59.png,2,Khan,sheet6,Khan_2_sheet6.jpg,59
dataset/images/2/ Khan_ 2_ sheet6_ 60.png,2,Khan,sheet6,Khan_2_sheet6.jpg,60
dataset/images/2/ Khan_ 2_ sheet6_ 61.png,2,Khan,sheet6,Khan_2_sheet6.jpg,61
dataset/images/2/ Khan_ 2_ sheet6_ 62.png,2,Khan,sheet6,Khan_2_sheet6.jpg,62
dataset/images/2/ Khan_ 2_ sheet6_ 63.png,2,Khan,sheet6,Khan_2_sheet6.jpg,63
dataset/images/2/ Khan_ 2_ sheet6_ 64.png,2,Khan,sheet6,Khan_2_sheet6.jpg,64
dataset/images/2/ Khan_ 2_ sheet6_ 65.png,2,Khan,sheet6,Khan_2_sheet6.jpg,65
dataset/images/2/ Khan_ 2_ sheet6_ 66.png,2,Khan,sheet6,Khan_2_sheet6.jpg,66
dataset/images/2/ Khan_ 2_ sheet6_ 67.png,2,Khan,sheet6,Khan_2_sheet6.jpg,67
dataset/images/2/ Khan_ 2_ sheet6_ 68.png,2,Khan,sheet6,Khan_2_sheet6.jpg,68
dataset/images/2/ Khan_ 2_ sheet6_ 69.png,2,Khan,sheet6,Khan_2_sheet6.jpg,69
dataset/images/2/ Khan_ 2_ sheet6_ 70.png,2,Khan,sheet6,Khan_2_sheet6.jpg,70
dataset/images/2/ Khan_ 2_ sheet6_ 71.png,2,Khan,sheet6,Khan_2_sheet6.jpg,71
dataset/images/2/ Khan_ 2_ sheet6_ 72.png,2,Khan,sheet6,Khan_2_sheet6.jpg,72
dataset/images/2/ Khan_ 2_ sheet6_ 73.png,2,Khan,sheet6,Khan_2_sheet6.jpg,73
dataset/images/2/ Khan_ 2_ sheet6_ 74.png,2,Khan,sheet6,Khan_2_sheet6.jpg,74
dataset/images/2/ Khan_ 2_ sheet6_ 75.png,2,Khan,sheet6,Khan_2_sheet6.jpg,75
dataset/images/2/ Khan_ 2_ sheet6_ 76.png,2,Khan,sheet6,Khan_2_sheet6.jpg,76
dataset/images/2/ Khan_ 2_ sheet6_ 77.png,2,Khan,sheet6,Khan_2_sheet6.jpg,77
dataset/images/2/ Khan_ 2_ sheet6_ 78.png,2,Khan,sheet6,Khan_2_sheet6.jpg,78
dataset/images/2/ Khan_ 2_ sheet6_ 79.png,2,Khan,sheet6,Khan_2_sheet6.jpg,79
dataset/images/2/ Khan_ 2_ sheet6_ 80.png,2,Khan,sheet6,Khan_2_sheet6.jpg,80
dataset/images/2/ Khan_ 2_ sheet6_ 81.png,2,Khan,sheet6,Khan_2_sheet6.jpg,81
dataset/images/2/ Khan_ 2_ sheet6_ 82.png,2,Khan,sheet6,Khan_2_sheet6.jpg,82
dataset/images/2/ Khan_ 2_ sheet6_ 83.png,2,Khan,sheet6,Khan_2_sheet6.jpg,83
dataset/images/2/ Khan_ 2_ sheet6_ 84.png,2,Khan,sheet6,Khan_2_sheet6.jpg,84
dataset/images/2/ Khan_ 2_ sheet6_ 85.png,2,Khan,sheet6,Khan_2_sheet6.jpg,85
dataset/images/2/ Khan_ 2_ sheet6_ 86.png,2,Khan,sheet6,Khan_2_sheet6.jpg,86
dataset/images/2/ Khan_ 2_ sheet6_ 87.png,2,Khan,sheet6,Khan_2_sheet6.jpg,87
dataset/images/2/ Khan_ 2_ sheet6_ 88.png,2,Khan,sheet6,Khan_2_sheet6.jpg,88
dataset/images/2/ Khan_ 2_ sheet6_ 89.png,2,Khan,sheet6,Khan_2_sheet6.jpg,89
dataset/images/2/ Khan_ 2_ sheet6_ 90.png,2,Khan,sheet6,Khan_2_sheet6.jpg,90
dataset/images/2/ Khan_ 2_ sheet6_ 91.png,2,Khan,sheet6,Khan_2_sheet6.jpg,91
dataset/images/2/ Khan_ 2_ sheet6_ 92.png,2,Khan,sheet6,Khan_2_sheet6.jpg,92
dataset/images/2/ Khan_ 2_ sheet6_ 93.png,2,Khan,sheet6,Khan_2_sheet6.jpg,93
dataset/images/2/ Khan_ 2_ sheet6_ 94.png,2,Khan,sheet6,Khan_2_sheet6.jpg,94
dataset/images/2/ Khan_ 2_ sheet6_ 95.png,2,Khan,sheet6,Khan_2_sheet6.jpg,95
dataset/images/2/ Khan_ 2_ sheet6_ 96.png,2,Khan,sheet6,Khan_2_sheet6.jpg,96
dataset/images/2/ Khan_ 2_ sheet6_ 97.png,2,Khan,sheet6,Khan_2_sheet6.jpg,97
dataset/images/2/ Khan_ 2_ sheet6_ 98.png,2,Khan,sheet6,Khan_2_sheet6.jpg,98
dataset/images/2/ Khan_ 2_ sheet6_ 99.png,2,Khan,sheet6,Khan_2_sheet6.jpg,99
dataset/images/3/ Khan_ 3_ sheet7_ 0.png,3,Khan,sheet7,Khan_3_sheet7.JPG,0
dataset/images/3/ Khan_ 3_ sheet7_ 1.png,3,Khan,sheet7,Khan_3_sheet7.JPG,1
dataset/images/3/ Khan_ 3_ sheet7_ 2.png,3,Khan,sheet7,Khan_3_sheet7.JPG,2
dataset/images/3/ Khan_ 3_ sheet7_ 3.png,3,Khan,sheet7,Khan_3_sheet7.JPG,3
dataset/images/3/ Khan_ 3_ sheet7_ 4.png,3,Khan,sheet7,Khan_3_sheet7.JPG,4
dataset/images/3/ Khan_ 3_ sheet7_ 5.png,3,Khan,sheet7,Khan_3_sheet7.JPG,5
dataset/images/3/ Khan_ 3_ sheet7_ 6.png,3,Khan,sheet7,Khan_3_sheet7.JPG,6
dataset/images/3/ Khan_ 3_ sheet7_ 7.png,3,Khan,sheet7,Khan_3_sheet7.JPG,7
dataset/images/3/ Khan_ 3_ sheet7_ 8.png,3,Khan,sheet7,Khan_3_sheet7.JPG,8
dataset/images/3/ Khan_ 3_ sheet7_ 9.png,3,Khan,sheet7,Khan_3_sheet7.JPG,9
dataset/images/3/ Khan_ 3_ sheet7_ 10.png,3,Khan,sheet7,Khan_3_sheet7.JPG,10
dataset/images/3/ Khan_ 3_ sheet7_ 11.png,3,Khan,sheet7,Khan_3_sheet7.JPG,11
dataset/images/3/ Khan_ 3_ sheet7_ 12.png,3,Khan,sheet7,Khan_3_sheet7.JPG,12
dataset/images/3/ Khan_ 3_ sheet7_ 13.png,3,Khan,sheet7,Khan_3_sheet7.JPG,13
dataset/images/3/ Khan_ 3_ sheet7_ 14.png,3,Khan,sheet7,Khan_3_sheet7.JPG,14
dataset/images/3/ Khan_ 3_ sheet7_ 15.png,3,Khan,sheet7,Khan_3_sheet7.JPG,15
dataset/images/3/ Khan_ 3_ sheet7_ 16.png,3,Khan,sheet7,Khan_3_sheet7.JPG,16
dataset/images/3/ Khan_ 3_ sheet7_ 17.png,3,Khan,sheet7,Khan_3_sheet7.JPG,17
dataset/images/3/ Khan_ 3_ sheet7_ 18.png,3,Khan,sheet7,Khan_3_sheet7.JPG,18
dataset/images/3/ Khan_ 3_ sheet7_ 19.png,3,Khan,sheet7,Khan_3_sheet7.JPG,19
dataset/images/3/ Khan_ 3_ sheet7_ 20.png,3,Khan,sheet7,Khan_3_sheet7.JPG,20
dataset/images/3/ Khan_ 3_ sheet7_ 21.png,3,Khan,sheet7,Khan_3_sheet7.JPG,21
dataset/images/3/ Khan_ 3_ sheet7_ 22.png,3,Khan,sheet7,Khan_3_sheet7.JPG,22
dataset/images/3/ Khan_ 3_ sheet7_ 23.png,3,Khan,sheet7,Khan_3_sheet7.JPG,23
dataset/images/3/ Khan_ 3_ sheet7_ 24.png,3,Khan,sheet7,Khan_3_sheet7.JPG,24
dataset/images/3/ Khan_ 3_ sheet7_ 25.png,3,Khan,sheet7,Khan_3_sheet7.JPG,25
dataset/images/3/ Khan_ 3_ sheet7_ 26.png,3,Khan,sheet7,Khan_3_sheet7.JPG,26
dataset/images/3/ Khan_ 3_ sheet7_ 27.png,3,Khan,sheet7,Khan_3_sheet7.JPG,27
dataset/images/3/ Khan_ 3_ sheet7_ 28.png,3,Khan,sheet7,Khan_3_sheet7.JPG,28
dataset/images/3/ Khan_ 3_ sheet7_ 29.png,3,Khan,sheet7,Khan_3_sheet7.JPG,29
dataset/images/3/ Khan_ 3_ sheet7_ 30.png,3,Khan,sheet7,Khan_3_sheet7.JPG,30
dataset/images/3/ Khan_ 3_ sheet7_ 31.png,3,Khan,sheet7,Khan_3_sheet7.JPG,31
dataset/images/3/ Khan_ 3_ sheet7_ 32.png,3,Khan,sheet7,Khan_3_sheet7.JPG,32
dataset/images/3/ Khan_ 3_ sheet7_ 33.png,3,Khan,sheet7,Khan_3_sheet7.JPG,33
dataset/images/3/ Khan_ 3_ sheet7_ 34.png,3,Khan,sheet7,Khan_3_sheet7.JPG,34
dataset/images/3/ Khan_ 3_ sheet7_ 35.png,3,Khan,sheet7,Khan_3_sheet7.JPG,35
dataset/images/3/ Khan_ 3_ sheet7_ 36.png,3,Khan,sheet7,Khan_3_sheet7.JPG,36
dataset/images/3/ Khan_ 3_ sheet7_ 37.png,3,Khan,sheet7,Khan_3_sheet7.JPG,37
dataset/images/3/ Khan_ 3_ sheet7_ 38.png,3,Khan,sheet7,Khan_3_sheet7.JPG,38
dataset/images/3/ Khan_ 3_ sheet7_ 39.png,3,Khan,sheet7,Khan_3_sheet7.JPG,39
dataset/images/3/ Khan_ 3_ sheet7_ 40.png,3,Khan,sheet7,Khan_3_sheet7.JPG,40
dataset/images/3/ Khan_ 3_ sheet7_ 41.png,3,Khan,sheet7,Khan_3_sheet7.JPG,41
dataset/images/3/ Khan_ 3_ sheet7_ 42.png,3,Khan,sheet7,Khan_3_sheet7.JPG,42
dataset/images/3/ Khan_ 3_ sheet7_ 43.png,3,Khan,sheet7,Khan_3_sheet7.JPG,43
dataset/images/3/ Khan_ 3_ sheet7_ 44.png,3,Khan,sheet7,Khan_3_sheet7.JPG,44
dataset/images/3/ Khan_ 3_ sheet7_ 45.png,3,Khan,sheet7,Khan_3_sheet7.JPG,45
dataset/images/3/ Khan_ 3_ sheet7_ 46.png,3,Khan,sheet7,Khan_3_sheet7.JPG,46
dataset/images/3/ Khan_ 3_ sheet7_ 47.png,3,Khan,sheet7,Khan_3_sheet7.JPG,47
dataset/images/3/ Khan_ 3_ sheet7_ 48.png,3,Khan,sheet7,Khan_3_sheet7.JPG,48
dataset/images/3/ Khan_ 3_ sheet7_ 49.png,3,Khan,sheet7,Khan_3_sheet7.JPG,49
dataset/images/3/ Khan_ 3_ sheet7_ 50.png,3,Khan,sheet7,Khan_3_sheet7.JPG,50
dataset/images/3/ Khan_ 3_ sheet7_ 51.png,3,Khan,sheet7,Khan_3_sheet7.JPG,51
dataset/images/3/ Khan_ 3_ sheet7_ 52.png,3,Khan,sheet7,Khan_3_sheet7.JPG,52
dataset/images/3/ Khan_ 3_ sheet7_ 53.png,3,Khan,sheet7,Khan_3_sheet7.JPG,53
dataset/images/3/ Khan_ 3_ sheet7_ 54.png,3,Khan,sheet7,Khan_3_sheet7.JPG,54
dataset/images/3/ Khan_ 3_ sheet7_ 55.png,3,Khan,sheet7,Khan_3_sheet7.JPG,55
dataset/images/3/ Khan_ 3_ sheet7_ 56.png,3,Khan,sheet7,Khan_3_sheet7.JPG,56
dataset/images/3/ Khan_ 3_ sheet7_ 57.png,3,Khan,sheet7,Khan_3_sheet7.JPG,57
dataset/images/3/ Khan_ 3_ sheet7_ 58.png,3,Khan,sheet7,Khan_3_sheet7.JPG,58
dataset/images/3/ Khan_ 3_ sheet7_ 59.png,3,Khan,sheet7,Khan_3_sheet7.JPG,59
dataset/images/3/ Khan_ 3_ sheet7_ 60.png,3,Khan,sheet7,Khan_3_sheet7.JPG,60
dataset/images/3/ Khan_ 3_ sheet7_ 61.png,3,Khan,sheet7,Khan_3_sheet7.JPG,61
dataset/images/3/ Khan_ 3_ sheet7_ 62.png,3,Khan,sheet7,Khan_3_sheet7.JPG,62
dataset/images/3/ Khan_ 3_ sheet7_ 63.png,3,Khan,sheet7,Khan_3_sheet7.JPG,63
dataset/images/3/ Khan_ 3_ sheet7_ 64.png,3,Khan,sheet7,Khan_3_sheet7.JPG,64
dataset/images/3/ Khan_ 3_ sheet7_ 65.png,3,Khan,sheet7,Khan_3_sheet7.JPG,65
dataset/images/3/ Khan_ 3_ sheet7_ 66.png,3,Khan,sheet7,Khan_3_sheet7.JPG,66
dataset/images/3/ Khan_ 3_ sheet7_ 67.png,3,Khan,sheet7,Khan_3_sheet7.JPG,67
dataset/images/3/ Khan_ 3_ sheet7_ 68.png,3,Khan,sheet7,Khan_3_sheet7.JPG,68
dataset/images/3/ Khan_ 3_ sheet7_ 69.png,3,Khan,sheet7,Khan_3_sheet7.JPG,69
dataset/images/3/ Khan_ 3_ sheet7_ 70.png,3,Khan,sheet7,Khan_3_sheet7.JPG,70
dataset/images/3/ Khan_ 3_ sheet7_ 71.png,3,Khan,sheet7,Khan_3_sheet7.JPG,71
dataset/images/3/ Khan_ 3_ sheet7_ 72.png,3,Khan,sheet7,Khan_3_sheet7.JPG,72
dataset/images/3/ Khan_ 3_ sheet7_ 73.png,3,Khan,sheet7,Khan_3_sheet7.JPG,73
dataset/images/3/ Khan_ 3_ sheet7_ 74.png,3,Khan,sheet7,Khan_3_sheet7.JPG,74
dataset/images/3/ Khan_ 3_ sheet7_ 75.png,3,Khan,sheet7,Khan_3_sheet7.JPG,75
dataset/images/3/ Khan_ 3_ sheet7_ 76.png,3,Khan,sheet7,Khan_3_sheet7.JPG,76
dataset/images/3/ Khan_ 3_ sheet7_ 77.png,3,Khan,sheet7,Khan_3_sheet7.JPG,77
dataset/images/3/ Khan_ 3_ sheet7_ 78.png,3,Khan,sheet7,Khan_3_sheet7.JPG,78
dataset/images/3/ Khan_ 3_ sheet7_ 79.png,3,Khan,sheet7,Khan_3_sheet7.JPG,79
dataset/images/3/ Khan_ 3_ sheet7_ 80.png,3,Khan,sheet7,Khan_3_sheet7.JPG,80
dataset/images/3/ Khan_ 3_ sheet7_ 81.png,3,Khan,sheet7,Khan_3_sheet7.JPG,81
dataset/images/3/ Khan_ 3_ sheet7_ 82.png,3,Khan,sheet7,Khan_3_sheet7.JPG,82
dataset/images/3/ Khan_ 3_ sheet7_ 83.png,3,Khan,sheet7,Khan_3_sheet7.JPG,83
dataset/images/3/ Khan_ 3_ sheet7_ 84.png,3,Khan,sheet7,Khan_3_sheet7.JPG,84
dataset/images/3/ Khan_ 3_ sheet7_ 85.png,3,Khan,sheet7,Khan_3_sheet7.JPG,85
dataset/images/3/ Khan_ 3_ sheet7_ 86.png,3,Khan,sheet7,Khan_3_sheet7.JPG,86
dataset/images/3/ Khan_ 3_ sheet7_ 87.png,3,Khan,sheet7,Khan_3_sheet7.JPG,87
dataset/images/3/ Khan_ 3_ sheet7_ 88.png,3,Khan,sheet7,Khan_3_sheet7.JPG,88
dataset/images/3/ Khan_ 3_ sheet7_ 89.png,3,Khan,sheet7,Khan_3_sheet7.JPG,89
dataset/images/3/ Khan_ 3_ sheet7_ 90.png,3,Khan,sheet7,Khan_3_sheet7.JPG,90
dataset/images/3/ Khan_ 3_ sheet7_ 91.png,3,Khan,sheet7,Khan_3_sheet7.JPG,91
dataset/images/3/ Khan_ 3_ sheet7_ 92.png,3,Khan,sheet7,Khan_3_sheet7.JPG,92
dataset/images/3/ Khan_ 3_ sheet7_ 93.png,3,Khan,sheet7,Khan_3_sheet7.JPG,93
dataset/images/3/ Khan_ 3_ sheet7_ 94.png,3,Khan,sheet7,Khan_3_sheet7.JPG,94
dataset/images/3/ Khan_ 3_ sheet7_ 95.png,3,Khan,sheet7,Khan_3_sheet7.JPG,95
dataset/images/3/ Khan_ 3_ sheet7_ 96.png,3,Khan,sheet7,Khan_3_sheet7.JPG,96
dataset/images/3/ Khan_ 3_ sheet7_ 97.png,3,Khan,sheet7,Khan_3_sheet7.JPG,97
dataset/images/3/ Khan_ 3_ sheet7_ 98.png,3,Khan,sheet7,Khan_3_sheet7.JPG,98
dataset/images/3/ Khan_ 3_ sheet7_ 99.png,3,Khan,sheet7,Khan_3_sheet7.JPG,99
dataset/images/3/ Khan_ 3_ sheet8_ 0.png,3,Khan,sheet8,Khan_3_sheet8.JPG,0
dataset/images/3/ Khan_ 3_ sheet8_ 1.png,3,Khan,sheet8,Khan_3_sheet8.JPG,1
dataset/images/3/ Khan_ 3_ sheet8_ 2.png,3,Khan,sheet8,Khan_3_sheet8.JPG,2
dataset/images/3/ Khan_ 3_ sheet8_ 3.png,3,Khan,sheet8,Khan_3_sheet8.JPG,3
dataset/images/3/ Khan_ 3_ sheet8_ 4.png,3,Khan,sheet8,Khan_3_sheet8.JPG,4
dataset/images/3/ Khan_ 3_ sheet8_ 5.png,3,Khan,sheet8,Khan_3_sheet8.JPG,5
dataset/images/3/ Khan_ 3_ sheet8_ 6.png,3,Khan,sheet8,Khan_3_sheet8.JPG,6
dataset/images/3/ Khan_ 3_ sheet8_ 7.png,3,Khan,sheet8,Khan_3_sheet8.JPG,7
dataset/images/3/ Khan_ 3_ sheet8_ 8.png,3,Khan,sheet8,Khan_3_sheet8.JPG,8
dataset/images/3/ Khan_ 3_ sheet8_ 9.png,3,Khan,sheet8,Khan_3_sheet8.JPG,9
dataset/images/3/ Khan_ 3_ sheet8_ 10.png,3,Khan,sheet8,Khan_3_sheet8.JPG,10
dataset/images/3/ Khan_ 3_ sheet8_ 11.png,3,Khan,sheet8,Khan_3_sheet8.JPG,11
dataset/images/3/ Khan_ 3_ sheet8_ 12.png,3,Khan,sheet8,Khan_3_sheet8.JPG,12
dataset/images/3/ Khan_ 3_ sheet8_ 13.png,3,Khan,sheet8,Khan_3_sheet8.JPG,13
dataset/images/3/ Khan_ 3_ sheet8_ 14.png,3,Khan,sheet8,Khan_3_sheet8.JPG,14
dataset/images/3/ Khan_ 3_ sheet8_ 15.png,3,Khan,sheet8,Khan_3_sheet8.JPG,15
dataset/images/3/ Khan_ 3_ sheet8_ 16.png,3,Khan,sheet8,Khan_3_sheet8.JPG,16
dataset/images/3/ Khan_ 3_ sheet8_ 17.png,3,Khan,sheet8,Khan_3_sheet8.JPG,17
dataset/images/3/ Khan_ 3_ sheet8_ 18.png,3,Khan,sheet8,Khan_3_sheet8.JPG,18
dataset/images/3/ Khan_ 3_ sheet8_ 19.png,3,Khan,sheet8,Khan_3_sheet8.JPG,19
dataset/images/3/ Khan_ 3_ sheet8_ 20.png,3,Khan,sheet8,Khan_3_sheet8.JPG,20
dataset/images/3/ Khan_ 3_ sheet8_ 21.png,3,Khan,sheet8,Khan_3_sheet8.JPG,21
dataset/images/3/ Khan_ 3_ sheet8_ 22.png,3,Khan,sheet8,Khan_3_sheet8.JPG,22
dataset/images/3/ Khan_ 3_ sheet8_ 23.png,3,Khan,sheet8,Khan_3_sheet8.JPG,23
dataset/images/3/ Khan_ 3_ sheet8_ 24.png,3,Khan,sheet8,Khan_3_sheet8.JPG,24
dataset/images/3/ Khan_ 3_ sheet8_ 25.png,3,Khan,sheet8,Khan_3_sheet8.JPG,25
dataset/images/3/ Khan_ 3_ sheet8_ 26.png,3,Khan,sheet8,Khan_3_sheet8.JPG,26
dataset/images/3/ Khan_ 3_ sheet8_ 27.png,3,Khan,sheet8,Khan_3_sheet8.JPG,27
dataset/images/3/ Khan_ 3_ sheet8_ 28.png,3,Khan,sheet8,Khan_3_sheet8.JPG,28
dataset/images/3/ Khan_ 3_ sheet8_ 29.png,3,Khan,sheet8,Khan_3_sheet8.JPG,29
dataset/images/3/ Khan_ 3_ sheet8_ 30.png,3,Khan,sheet8,Khan_3_sheet8.JPG,30
dataset/images/3/ Khan_ 3_ sheet8_ 31.png,3,Khan,sheet8,Khan_3_sheet8.JPG,31
dataset/images/3/ Khan_ 3_ sheet8_ 32.png,3,Khan,sheet8,Khan_3_sheet8.JPG,32
dataset/images/3/ Khan_ 3_ sheet8_ 33.png,3,Khan,sheet8,Khan_3_sheet8.JPG,33
dataset/images/3/ Khan_ 3_ sheet8_ 34.png,3,Khan,sheet8,Khan_3_sheet8.JPG,34
dataset/images/3/ Khan_ 3_ sheet8_ 35.png,3,Khan,sheet8,Khan_3_sheet8.JPG,35
dataset/images/3/ Khan_ 3_ sheet8_ 36.png,3,Khan,sheet8,Khan_3_sheet8.JPG,36
dataset/images/3/ Khan_ 3_ sheet8_ 37.png,3,Khan,sheet8,Khan_3_sheet8.JPG,37
dataset/images/3/ Khan_ 3_ sheet8_ 38.png,3,Khan,sheet8,Khan_3_sheet8.JPG,38
dataset/images/3/ Khan_ 3_ sheet8_ 39.png,3,Khan,sheet8,Khan_3_sheet8.JPG,39
dataset/images/3/ Khan_ 3_ sheet8_ 40.png,3,Khan,sheet8,Khan_3_sheet8.JPG,40
dataset/images/3/ Khan_ 3_ sheet8_ 41.png,3,Khan,sheet8,Khan_3_sheet8.JPG,41
dataset/images/3/ Khan_ 3_ sheet8_ 42.png,3,Khan,sheet8,Khan_3_sheet8.JPG,42
dataset/images/3/ Khan_ 3_ sheet8_ 43.png,3,Khan,sheet8,Khan_3_sheet8.JPG,43
dataset/images/3/ Khan_ 3_ sheet8_ 44.png,3,Khan,sheet8,Khan_3_sheet8.JPG,44
dataset/images/3/ Khan_ 3_ sheet8_ 45.png,3,Khan,sheet8,Khan_3_sheet8.JPG,45
dataset/images/3/ Khan_ 3_ sheet8_ 46.png,3,Khan,sheet8,Khan_3_sheet8.JPG,46
dataset/images/3/ Khan_ 3_ sheet8_ 47.png,3,Khan,sheet8,Khan_3_sheet8.JPG,47
dataset/images/3/ Khan_ 3_ sheet8_ 48.png,3,Khan,sheet8,Khan_3_sheet8.JPG,48
dataset/images/3/ Khan_ 3_ sheet8_ 49.png,3,Khan,sheet8,Khan_3_sheet8.JPG,49
dataset/images/3/ Khan_ 3_ sheet8_ 50.png,3,Khan,sheet8,Khan_3_sheet8.JPG,50
dataset/images/3/ Khan_ 3_ sheet8_ 51.png,3,Khan,sheet8,Khan_3_sheet8.JPG,51
dataset/images/3/ Khan_ 3_ sheet8_ 52.png,3,Khan,sheet8,Khan_3_sheet8.JPG,52
dataset/images/3/ Khan_ 3_ sheet8_ 53.png,3,Khan,sheet8,Khan_3_sheet8.JPG,53
dataset/images/3/ Khan_ 3_ sheet8_ 54.png,3,Khan,sheet8,Khan_3_sheet8.JPG,54
dataset/images/3/ Khan_ 3_ sheet8_ 55.png,3,Khan,sheet8,Khan_3_sheet8.JPG,55
dataset/images/3/ Khan_ 3_ sheet8_ 56.png,3,Khan,sheet8,Khan_3_sheet8.JPG,56
dataset/images/3/ Khan_ 3_ sheet8_ 57.png,3,Khan,sheet8,Khan_3_sheet8.JPG,57
dataset/images/3/ Khan_ 3_ sheet8_ 58.png,3,Khan,sheet8,Khan_3_sheet8.JPG,58
dataset/images/3/ Khan_ 3_ sheet8_ 59.png,3,Khan,sheet8,Khan_3_sheet8.JPG,59
dataset/images/3/ Khan_ 3_ sheet8_ 60.png,3,Khan,sheet8,Khan_3_sheet8.JPG,60
dataset/images/3/ Khan_ 3_ sheet8_ 61.png,3,Khan,sheet8,Khan_3_sheet8.JPG,61
dataset/images/3/ Khan_ 3_ sheet8_ 62.png,3,Khan,sheet8,Khan_3_sheet8.JPG,62
dataset/images/3/ Khan_ 3_ sheet8_ 63.png,3,Khan,sheet8,Khan_3_sheet8.JPG,63
dataset/images/3/ Khan_ 3_ sheet8_ 64.png,3,Khan,sheet8,Khan_3_sheet8.JPG,64
dataset/images/3/ Khan_ 3_ sheet8_ 65.png,3,Khan,sheet8,Khan_3_sheet8.JPG,65
dataset/images/3/ Khan_ 3_ sheet8_ 66.png,3,Khan,sheet8,Khan_3_sheet8.JPG,66
dataset/images/3/ Khan_ 3_ sheet8_ 67.png,3,Khan,sheet8,Khan_3_sheet8.JPG,67
dataset/images/3/ Khan_ 3_ sheet8_ 68.png,3,Khan,sheet8,Khan_3_sheet8.JPG,68
dataset/images/3/ Khan_ 3_ sheet8_ 69.png,3,Khan,sheet8,Khan_3_sheet8.JPG,69
dataset/images/3/ Khan_ 3_ sheet8_ 70.png,3,Khan,sheet8,Khan_3_sheet8.JPG,70
dataset/images/3/ Khan_ 3_ sheet8_ 71.png,3,Khan,sheet8,Khan_3_sheet8.JPG,71
dataset/images/3/ Khan_ 3_ sheet8_ 72.png,3,Khan,sheet8,Khan_3_sheet8.JPG,72
dataset/images/3/ Khan_ 3_ sheet8_ 73.png,3,Khan,sheet8,Khan_3_sheet8.JPG,73
dataset/images/3/ Khan_ 3_ sheet8_ 74.png,3,Khan,sheet8,Khan_3_sheet8.JPG,74
dataset/images/3/ Khan_ 3_ sheet8_ 75.png,3,Khan,sheet8,Khan_3_sheet8.JPG,75
dataset/images/3/ Khan_ 3_ sheet8_ 76.png,3,Khan,sheet8,Khan_3_sheet8.JPG,76
dataset/images/3/ Khan_ 3_ sheet8_ 77.png,3,Khan,sheet8,Khan_3_sheet8.JPG,77
dataset/images/3/ Khan_ 3_ sheet8_ 78.png,3,Khan,sheet8,Khan_3_sheet8.JPG,78
dataset/images/3/ Khan_ 3_ sheet8_ 79.png,3,Khan,sheet8,Khan_3_sheet8.JPG,79
dataset/images/3/ Khan_ 3_ sheet8_ 80.png,3,Khan,sheet8,Khan_3_sheet8.JPG,80
dataset/images/3/ Khan_ 3_ sheet8_ 81.png,3,Khan,sheet8,Khan_3_sheet8.JPG,81
dataset/images/3/ Khan_ 3_ sheet8_ 82.png,3,Khan,sheet8,Khan_3_sheet8.JPG,82
dataset/images/3/ Khan_ 3_ sheet8_ 83.png,3,Khan,sheet8,Khan_3_sheet8.JPG,83
dataset/images/3/ Khan_ 3_ sheet8_ 84.png,3,Khan,sheet8,Khan_3_sheet8.JPG,84
dataset/images/3/ Khan_ 3_ sheet8_ 85.png,3,Khan,sheet8,Khan_3_sheet8.JPG,85
dataset/images/3/ Khan_ 3_ sheet8_ 86.png,3,Khan,sheet8,Khan_3_sheet8.JPG,86
dataset/images/3/ Khan_ 3_ sheet8_ 87.png,3,Khan,sheet8,Khan_3_sheet8.JPG,87
dataset/images/3/ Khan_ 3_ sheet8_ 88.png,3,Khan,sheet8,Khan_3_sheet8.JPG,88
dataset/images/3/ Khan_ 3_ sheet8_ 89.png,3,Khan,sheet8,Khan_3_sheet8.JPG,89
dataset/images/3/ Khan_ 3_ sheet8_ 90.png,3,Khan,sheet8,Khan_3_sheet8.JPG,90
dataset/images/3/ Khan_ 3_ sheet8_ 91.png,3,Khan,sheet8,Khan_3_sheet8.JPG,91
dataset/images/3/ Khan_ 3_ sheet8_ 92.png,3,Khan,sheet8,Khan_3_sheet8.JPG,92
dataset/images/3/ Khan_ 3_ sheet8_ 93.png,3,Khan,sheet8,Khan_3_sheet8.JPG,93
dataset/images/3/ Khan_ 3_ sheet8_ 94.png,3,Khan,sheet8,Khan_3_sheet8.JPG,94
dataset/images/3/ Khan_ 3_ sheet8_ 95.png,3,Khan,sheet8,Khan_3_sheet8.JPG,95
dataset/images/3/ Khan_ 3_ sheet8_ 96.png,3,Khan,sheet8,Khan_3_sheet8.JPG,96
dataset/images/3/ Khan_ 3_ sheet8_ 97.png,3,Khan,sheet8,Khan_3_sheet8.JPG,97
dataset/images/3/ Khan_ 3_ sheet8_ 98.png,3,Khan,sheet8,Khan_3_sheet8.JPG,98
dataset/images/3/ Khan_ 3_ sheet8_ 99.png,3,Khan,sheet8,Khan_3_sheet8.JPG,99
dataset/images/4/ Khan_ 4_ sheet10_ 0.png,4,Khan,sheet10,Khan_4_sheet10.JPG,0
dataset/images/4/ Khan_ 4_ sheet10_ 1.png,4,Khan,sheet10,Khan_4_sheet10.JPG,1
dataset/images/4/ Khan_ 4_ sheet10_ 2.png,4,Khan,sheet10,Khan_4_sheet10.JPG,2
dataset/images/4/ Khan_ 4_ sheet10_ 3.png,4,Khan,sheet10,Khan_4_sheet10.JPG,3
dataset/images/4/ Khan_ 4_ sheet10_ 4.png,4,Khan,sheet10,Khan_4_sheet10.JPG,4
dataset/images/4/ Khan_ 4_ sheet10_ 5.png,4,Khan,sheet10,Khan_4_sheet10.JPG,5
dataset/images/4/ Khan_ 4_ sheet10_ 6.png,4,Khan,sheet10,Khan_4_sheet10.JPG,6
dataset/images/4/ Khan_ 4_ sheet10_ 7.png,4,Khan,sheet10,Khan_4_sheet10.JPG,7
dataset/images/4/ Khan_ 4_ sheet10_ 8.png,4,Khan,sheet10,Khan_4_sheet10.JPG,8
dataset/images/4/ Khan_ 4_ sheet10_ 9.png,4,Khan,sheet10,Khan_4_sheet10.JPG,9
dataset/images/4/ Khan_ 4_ sheet10_ 10.png,4,Khan,sheet10,Khan_4_sheet10.JPG,10
dataset/images/4/ Khan_ 4_ sheet10_ 11.png,4,Khan,sheet10,Khan_4_sheet10.JPG,11
dataset/images/4/ Khan_ 4_ sheet10_ 12.png,4,Khan,sheet10,Khan_4_sheet10.JPG,12
dataset/images/4/ Khan_ 4_ sheet10_ 13.png,4,Khan,sheet10,Khan_4_sheet10.JPG,13
dataset/images/4/ Khan_ 4_ sheet10_ 14.png,4,Khan,sheet10,Khan_4_sheet10.JPG,14
dataset/images/4/ Khan_ 4_ sheet10_ 15.png,4,Khan,sheet10,Khan_4_sheet10.JPG,15
dataset/images/4/ Khan_ 4_ sheet10_ 16.png,4,Khan,sheet10,Khan_4_sheet10.JPG,16
dataset/images/4/ Khan_ 4_ sheet10_ 17.png,4,Khan,sheet10,Khan_4_sheet10.JPG,17
dataset/images/4/ Khan_ 4_ sheet10_ 18.png,4,Khan,sheet10,Khan_4_sheet10.JPG,18
dataset/images/4/ Khan_ 4_ sheet10_ 19.png,4,Khan,sheet10,Khan_4_sheet10.JPG,19
dataset/images/4/ Khan_ 4_ sheet10_ 20.png,4,Khan,sheet10,Khan_4_sheet10.JPG,20
dataset/images/4/ Khan_ 4_ sheet10_ 21.png,4,Khan,sheet10,Khan_4_sheet10.JPG,21
dataset/images/4/ Khan_ 4_ sheet10_ 22.png,4,Khan,sheet10,Khan_4_sheet10.JPG,22
dataset/images/4/ Khan_ 4_ sheet10_ 23.png,4,Khan,sheet10,Khan_4_sheet10.JPG,23
dataset/images/4/ Khan_ 4_ sheet10_ 24.png,4,Khan,sheet10,Khan_4_sheet10.JPG,24
dataset/images/4/ Khan_ 4_ sheet10_ 25.png,4,Khan,sheet10,Khan_4_sheet10.JPG,25
dataset/images/4/ Khan_ 4_ sheet10_ 26.png,4,Khan,sheet10,Khan_4_sheet10.JPG,26
dataset/images/4/ Khan_ 4_ sheet10_ 27.png,4,Khan,sheet10,Khan_4_sheet10.JPG,27
dataset/images/4/ Khan_ 4_ sheet10_ 28.png,4,Khan,sheet10,Khan_4_sheet10.JPG,28
dataset/images/4/ Khan_ 4_ sheet10_ 29.png,4,Khan,sheet10,Khan_4_sheet10.JPG,29
dataset/images/4/ Khan_ 4_ sheet10_ 30.png,4,Khan,sheet10,Khan_4_sheet10.JPG,30
dataset/images/4/ Khan_ 4_ sheet10_ 31.png,4,Khan,sheet10,Khan_4_sheet10.JPG,31
dataset/images/4/ Khan_ 4_ sheet10_ 32.png,4,Khan,sheet10,Khan_4_sheet10.JPG,32
dataset/images/4/ Khan_ 4_ sheet10_ 33.png,4,Khan,sheet10,Khan_4_sheet10.JPG,33
dataset/images/4/ Khan_ 4_ sheet10_ 34.png,4,Khan,sheet10,Khan_4_sheet10.JPG,34
dataset/images/4/ Khan_ 4_ sheet10_ 35.png,4,Khan,sheet10,Khan_4_sheet10.JPG,35
dataset/images/4/ Khan_ 4_ sheet10_ 36.png,4,Khan,sheet10,Khan_4_sheet10.JPG,36
dataset/images/4/ Khan_ 4_ sheet10_ 37.png,4,Khan,sheet10,Khan_4_sheet10.JPG,37
dataset/images/4/ Khan_ 4_ sheet10_ 38.png,4,Khan,sheet10,Khan_4_sheet10.JPG,38
dataset/images/4/ Khan_ 4_ sheet10_ 39.png,4,Khan,sheet10,Khan_4_sheet10.JPG,39
dataset/images/4/ Khan_ 4_ sheet10_ 40.png,4,Khan,sheet10,Khan_4_sheet10.JPG,40
dataset/images/4/ Khan_ 4_ sheet10_ 41.png,4,Khan,sheet10,Khan_4_sheet10.JPG,41
dataset/images/4/ Khan_ 4_ sheet10_ 42.png,4,Khan,sheet10,Khan_4_sheet10.JPG,42
dataset/images/4/ Khan_ 4_ sheet10_ 43.png,4,Khan,sheet10,Khan_4_sheet10.JPG,43
dataset/images/4/ Khan_ 4_ sheet10_ 44.png,4,Khan,sheet10,Khan_4_sheet10.JPG,44
dataset/images/4/ Khan_ 4_ sheet10_ 45.png,4,Khan,sheet10,Khan_4_sheet10.JPG,45
dataset/images/4/ Khan_ 4_ sheet10_ 46.png,4,Khan,sheet10,Khan_4_sheet10.JPG,46
dataset/images/4/ Khan_ 4_ sheet10_ 47.png,4,Khan,sheet10,Khan_4_sheet10.JPG,47
dataset/images/4/ Khan_ 4_ sheet10_ 48.png,4,Khan,sheet10,Khan_4_sheet10.JPG,48
dataset/images/4/ Khan_ 4_ sheet10_ 49.png,4,Khan,sheet10,Khan_4_sheet10.JPG,49
dataset/images/4/ Khan_ 4_ sheet10_ 50.png,4,Khan,sheet10,Khan_4_sheet10.JPG,50
dataset/images/4/ Khan_ 4_ sheet10_ 51.png,4,Khan,sheet10,Khan_4_sheet10.JPG,51
dataset/images/4/ Khan_ 4_ sheet10_ 52.png,4,Khan,sheet10,Khan_4_sheet10.JPG,52
dataset/images/4/ Khan_ 4_ sheet10_ 53.png,4,Khan,sheet10,Khan_4_sheet10.JPG,53
dataset/images/4/ Khan_ 4_ sheet10_ 54.png,4,Khan,sheet10,Khan_4_sheet10.JPG,54
dataset/images/4/ Khan_ 4_ sheet10_ 55.png,4,Khan,sheet10,Khan_4_sheet10.JPG,55
dataset/images/4/ Khan_ 4_ sheet10_ 56.png,4,Khan,sheet10,Khan_4_sheet10.JPG,56
dataset/images/4/ Khan_ 4_ sheet10_ 57.png,4,Khan,sheet10,Khan_4_sheet10.JPG,57
dataset/images/4/ Khan_ 4_ sheet10_ 58.png,4,Khan,sheet10,Khan_4_sheet10.JPG,58
dataset/images/4/ Khan_ 4_ sheet10_ 59.png,4,Khan,sheet10,Khan_4_sheet10.JPG,59
dataset/images/4/ Khan_ 4_ sheet10_ 60.png,4,Khan,sheet10,Khan_4_sheet10.JPG,60
dataset/images/4/ Khan_ 4_ sheet10_ 61.png,4,Khan,sheet10,Khan_4_sheet10.JPG,61
dataset/images/4/ Khan_ 4_ sheet10_ 62.png,4,Khan,sheet10,Khan_4_sheet10.JPG,62
dataset/images/4/ Khan_ 4_ sheet10_ 63.png,4,Khan,sheet10,Khan_4_sheet10.JPG,63
dataset/images/4/ Khan_ 4_ sheet10_ 64.png,4,Khan,sheet10,Khan_4_sheet10.JPG,64
dataset/images/4/ Khan_ 4_ sheet10_ 65.png,4,Khan,sheet10,Khan_4_sheet10.JPG,65
dataset/images/4/ Khan_ 4_ sheet10_ 66.png,4,Khan,sheet10,Khan_4_sheet10.JPG,66
dataset/images/4/ Khan_ 4_ sheet10_ 67.png,4,Khan,sheet10,Khan_4_sheet10.JPG,67
dataset/images/4/ Khan_ 4_ sheet10_ 68.png,4,Khan,sheet10,Khan_4_sheet10.JPG,68
dataset/images/4/ Khan_ 4_ sheet10_ 69.png,4,Khan,sheet10,Khan_4_sheet10.JPG,69
dataset/images/4/ Khan_ 4_ sheet10_ 70.png,4,Khan,sheet10,Khan_4_sheet10.JPG,70
dataset/images/4/ Khan_ 4_ sheet10_ 71.png,4,Khan,sheet10,Khan_4_sheet10.JPG,71
dataset/images/4/ Khan_ 4_ sheet10_ 72.png,4,Khan,sheet10,Khan_4_sheet10.JPG,72
dataset/images/4/ Khan_ 4_ sheet10_ 73.png,4,Khan,sheet10,Khan_4_sheet10.JPG,73
dataset/images/4/ Khan_ 4_ sheet10_ 74.png,4,Khan,sheet10,Khan_4_sheet10.JPG,74
dataset/images/4/ Khan_ 4_ sheet10_ 75.png,4,Khan,sheet10,Khan_4_sheet10.JPG,75
dataset/images/4/ Khan_ 4_ sheet10_ 76.png,4,Khan,sheet10,Khan_4_sheet10.JPG,76
dataset/images/4/ Khan_ 4_ sheet10_ 77.png,4,Khan,sheet10,Khan_4_sheet10.JPG,77
dataset/images/4/ Khan_ 4_ sheet10_ 78.png,4,Khan,sheet10,Khan_4_sheet10.JPG,78
dataset/images/4/ Khan_ 4_ sheet10_ 79.png,4,Khan,sheet10,Khan_4_sheet10.JPG,79
dataset/images/4/ Khan_ 4_ sheet10_ 80.png,4,Khan,sheet10,Khan_4_sheet10.JPG,80
dataset/images/4/ Khan_ 4_ sheet10_ 81.png,4,Khan,sheet10,Khan_4_sheet10.JPG,81
dataset/images/4/ Khan_ 4_ sheet10_ 82.png,4,Khan,sheet10,Khan_4_sheet10.JPG,82
dataset/images/4/ Khan_ 4_ sheet10_ 83.png,4,Khan,sheet10,Khan_4_sheet10.JPG,83
dataset/images/4/ Khan_ 4_ sheet10_ 84.png,4,Khan,sheet10,Khan_4_sheet10.JPG,84
dataset/images/4/ Khan_ 4_ sheet10_ 85.png,4,Khan,sheet10,Khan_4_sheet10.JPG,85
dataset/images/4/ Khan_ 4_ sheet10_ 86.png,4,Khan,sheet10,Khan_4_sheet10.JPG,86
dataset/images/4/ Khan_ 4_ sheet10_ 87.png,4,Khan,sheet10,Khan_4_sheet10.JPG,87
dataset/images/4/ Khan_ 4_ sheet10_ 88.png,4,Khan,sheet10,Khan_4_sheet10.JPG,88
dataset/images/4/ Khan_ 4_ sheet10_ 89.png,4,Khan,sheet10,Khan_4_sheet10.JPG,89
dataset/images/4/ Khan_ 4_ sheet10_ 90.png,4,Khan,sheet10,Khan_4_sheet10.JPG,90
dataset/images/4/ Khan_ 4_ sheet10_ 91.png,4,Khan,sheet10,Khan_4_sheet10.JPG,91
dataset/images/4/ Khan_ 4_ sheet10_ 92.png,4,Khan,sheet10,Khan_4_sheet10.JPG,92
dataset/images/4/ Khan_ 4_ sheet10_ 93.png,4,Khan,sheet10,Khan_4_sheet10.JPG,93
dataset/images/4/ Khan_ 4_ sheet10_ 94.png,4,Khan,sheet10,Khan_4_sheet10.JPG,94
dataset/images/4/ Khan_ 4_ sheet10_ 95.png,4,Khan,sheet10,Khan_4_sheet10.JPG,95
dataset/images/4/ Khan_ 4_ sheet10_ 96.png,4,Khan,sheet10,Khan_4_sheet10.JPG,96
dataset/images/4/ Khan_ 4_ sheet10_ 97.png,4,Khan,sheet10,Khan_4_sheet10.JPG,97
dataset/images/4/ Khan_ 4_ sheet10_ 98.png,4,Khan,sheet10,Khan_4_sheet10.JPG,98
dataset/images/4/ Khan_ 4_ sheet10_ 99.png,4,Khan,sheet10,Khan_4_sheet10.JPG,99
dataset/images/4/ Khan_ 4_ sheet9_ 0.png,4,Khan,sheet9,Khan_4_sheet9.JPG,0
dataset/images/4/ Khan_ 4_ sheet9_ 1.png,4,Khan,sheet9,Khan_4_sheet9.JPG,1
dataset/images/4/ Khan_ 4_ sheet9_ 2.png,4,Khan,sheet9,Khan_4_sheet9.JPG,2
dataset/images/4/ Khan_ 4_ sheet9_ 3.png,4,Khan,sheet9,Khan_4_sheet9.JPG,3
dataset/images/4/ Khan_ 4_ sheet9_ 4.png,4,Khan,sheet9,Khan_4_sheet9.JPG,4
dataset/images/4/ Khan_ 4_ sheet9_ 5.png,4,Khan,sheet9,Khan_4_sheet9.JPG,5
dataset/images/4/ Khan_ 4_ sheet9_ 6.png,4,Khan,sheet9,Khan_4_sheet9.JPG,6
dataset/images/4/ Khan_ 4_ sheet9_ 7.png,4,Khan,sheet9,Khan_4_sheet9.JPG,7
dataset/images/4/ Khan_ 4_ sheet9_ 8.png,4,Khan,sheet9,Khan_4_sheet9.JPG,8
dataset/images/4/ Khan_ 4_ sheet9_ 9.png,4,Khan,sheet9,Khan_4_sheet9.JPG,9
dataset/images/4/ Khan_ 4_ sheet9_ 10.png,4,Khan,sheet9,Khan_4_sheet9.JPG,10
dataset/images/4/ Khan_ 4_ sheet9_ 11.png,4,Khan,sheet9,Khan_4_sheet9.JPG,11
dataset/images/4/ Khan_ 4_ sheet9_ 12.png,4,Khan,sheet9,Khan_4_sheet9.JPG,12
dataset/images/4/ Khan_ 4_ sheet9_ 13.png,4,Khan,sheet9,Khan_4_sheet9.JPG,13
dataset/images/4/ Khan_ 4_ sheet9_ 14.png,4,Khan,sheet9,Khan_4_sheet9.JPG,14
dataset/images/4/ Khan_ 4_ sheet9_ 15.png,4,Khan,sheet9,Khan_4_sheet9.JPG,15
dataset/images/4/ Khan_ 4_ sheet9_ 16.png,4,Khan,sheet9,Khan_4_sheet9.JPG,16
dataset/images/4/ Khan_ 4_ sheet9_ 17.png,4,Khan,sheet9,Khan_4_sheet9.JPG,17
dataset/images/4/ Khan_ 4_ sheet9_ 18.png,4,Khan,sheet9,Khan_4_sheet9.JPG,18
dataset/images/4/ Khan_ 4_ sheet9_ 19.png,4,Khan,sheet9,Khan_4_sheet9.JPG,19
dataset/images/4/ Khan_ 4_ sheet9_ 20.png,4,Khan,sheet9,Khan_4_sheet9.JPG,20
dataset/images/4/ Khan_ 4_ sheet9_ 21.png,4,Khan,sheet9,Khan_4_sheet9.JPG,21
dataset/images/4/ Khan_ 4_ sheet9_ 22.png,4,Khan,sheet9,Khan_4_sheet9.JPG,22
dataset/images/4/ Khan_ 4_ sheet9_ 23.png,4,Khan,sheet9,Khan_4_sheet9.JPG,23
dataset/images/4/ Khan_ 4_ sheet9_ 24.png,4,Khan,sheet9,Khan_4_sheet9.JPG,24
dataset/images/4/ Khan_ 4_ sheet9_ 25.png,4,Khan,sheet9,Khan_4_sheet9.JPG,25
dataset/images/4/ Khan_ 4_ sheet9_ 26.png,4,Khan,sheet9,Khan_4_sheet9.JPG,26
dataset/images/4/ Khan_ 4_ sheet9_ 27.png,4,Khan,sheet9,Khan_4_sheet9.JPG,27
dataset/images/4/ Khan_ 4_ sheet9_ 28.png,4,Khan,sheet9,Khan_4_sheet9.JPG,28
dataset/images/4/ Khan_ 4_ sheet9_ 29.png,4,Khan,sheet9,Khan_4_sheet9.JPG,29
dataset/images/4/ Khan_ 4_ sheet9_ 30.png,4,Khan,sheet9,Khan_4_sheet9.JPG,30
dataset/images/4/ Khan_ 4_ sheet9_ 31.png,4,Khan,sheet9,Khan_4_sheet9.JPG,31
dataset/images/4/ Khan_ 4_ sheet9_ 32.png,4,Khan,sheet9,Khan_4_sheet9.JPG,32
dataset/images/4/ Khan_ 4_ sheet9_ 33.png,4,Khan,sheet9,Khan_4_sheet9.JPG,33
dataset/images/4/ Khan_ 4_ sheet9_ 34.png,4,Khan,sheet9,Khan_4_sheet9.JPG,34
dataset/images/4/ Khan_ 4_ sheet9_ 35.png,4,Khan,sheet9,Khan_4_sheet9.JPG,35
dataset/images/4/ Khan_ 4_ sheet9_ 36.png,4,Khan,sheet9,Khan_4_sheet9.JPG,36
dataset/images/4/ Khan_ 4_ sheet9_ 37.png,4,Khan,sheet9,Khan_4_sheet9.JPG,37
dataset/images/4/ Khan_ 4_ sheet9_ 38.png,4,Khan,sheet9,Khan_4_sheet9.JPG,38
dataset/images/4/ Khan_ 4_ sheet9_ 39.png,4,Khan,sheet9,Khan_4_sheet9.JPG,39
dataset/images/4/ Khan_ 4_ sheet9_ 40.png,4,Khan,sheet9,Khan_4_sheet9.JPG,40
dataset/images/4/ Khan_ 4_ sheet9_ 41.png,4,Khan,sheet9,Khan_4_sheet9.JPG,41
dataset/images/4/ Khan_ 4_ sheet9_ 42.png,4,Khan,sheet9,Khan_4_sheet9.JPG,42
dataset/images/4/ Khan_ 4_ sheet9_ 43.png,4,Khan,sheet9,Khan_4_sheet9.JPG,43
dataset/images/4/ Khan_ 4_ sheet9_ 44.png,4,Khan,sheet9,Khan_4_sheet9.JPG,44
dataset/images/4/ Khan_ 4_ sheet9_ 45.png,4,Khan,sheet9,Khan_4_sheet9.JPG,45
dataset/images/4/ Khan_ 4_ sheet9_ 46.png,4,Khan,sheet9,Khan_4_sheet9.JPG,46
dataset/images/4/ Khan_ 4_ sheet9_ 47.png,4,Khan,sheet9,Khan_4_sheet9.JPG,47
dataset/images/4/ Khan_ 4_ sheet9_ 48.png,4,Khan,sheet9,Khan_4_sheet9.JPG,48
dataset/images/4/ Khan_ 4_ sheet9_ 49.png,4,Khan,sheet9,Khan_4_sheet9.JPG,49
dataset/images/4/ Khan_ 4_ sheet9_ 50.png,4,Khan,sheet9,Khan_4_sheet9.JPG,50
dataset/images/4/ Khan_ 4_ sheet9_ 51.png,4,Khan,sheet9,Khan_4_sheet9.JPG,51
dataset/images/4/ Khan_ 4_ sheet9_ 52.png,4,Khan,sheet9,Khan_4_sheet9.JPG,52
dataset/images/4/ Khan_ 4_ sheet9_ 53.png,4,Khan,sheet9,Khan_4_sheet9.JPG,53
dataset/images/4/ Khan_ 4_ sheet9_ 54.png,4,Khan,sheet9,Khan_4_sheet9.JPG,54
dataset/images/4/ Khan_ 4_ sheet9_ 55.png,4,Khan,sheet9,Khan_4_sheet9.JPG,55
dataset/images/4/ Khan_ 4_ sheet9_ 56.png,4,Khan,sheet9,Khan_4_sheet9.JPG,56
dataset/images/4/ Khan_ 4_ sheet9_ 57.png,4,Khan,sheet9,Khan_4_sheet9.JPG,57
dataset/images/4/ Khan_ 4_ sheet9_ 58.png,4,Khan,sheet9,Khan_4_sheet9.JPG,58
dataset/images/4/ Khan_ 4_ sheet9_ 59.png,4,Khan,sheet9,Khan_4_sheet9.JPG,59
dataset/images/4/ Khan_ 4_ sheet9_ 60.png,4,Khan,sheet9,Khan_4_sheet9.JPG,60
dataset/images/4/ Khan_ 4_ sheet9_ 61.png,4,Khan,sheet9,Khan_4_sheet9.JPG,61
dataset/images/4/ Khan_ 4_ sheet9_ 62.png,4,Khan,sheet9,Khan_4_sheet9.JPG,62
dataset/images/4/ Khan_ 4_ sheet9_ 63.png,4,Khan,sheet9,Khan_4_sheet9.JPG,63
dataset/images/4/ Khan_ 4_ sheet9_ 64.png,4,Khan,sheet9,Khan_4_sheet9.JPG,64
dataset/images/4/ Khan_ 4_ sheet9_ 65.png,4,Khan,sheet9,Khan_4_sheet9.JPG,65
dataset/images/4/ Khan_ 4_ sheet9_ 66.png,4,Khan,sheet9,Khan_4_sheet9.JPG,66
dataset/images/4/ Khan_ 4_ sheet9_ 67.png,4,Khan,sheet9,Khan_4_sheet9.JPG,67
dataset/images/4/ Khan_ 4_ sheet9_ 68.png,4,Khan,sheet9,Khan_4_sheet9.JPG,68
dataset/images/4/ Khan_ 4_ sheet9_ 69.png,4,Khan,sheet9,Khan_4_sheet9.JPG,69
dataset/images/4/ Khan_ 4_ sheet9_ 70.png,4,Khan,sheet9,Khan_4_sheet9.JPG,70
dataset/images/4/ Khan_ 4_ sheet9_ 71.png,4,Khan,sheet9,Khan_4_sheet9.JPG,71
dataset/images/4/ Khan_ 4_ sheet9_ 72.png,4,Khan,sheet9,Khan_4_sheet9.JPG,72
dataset/images/4/ Khan_ 4_ sheet9_ 73.png,4,Khan,sheet9,Khan_4_sheet9.JPG,73
dataset/images/4/ Khan_ 4_ sheet9_ 74.png,4,Khan,sheet9,Khan_4_sheet9.JPG,74
dataset/images/4/ Khan_ 4_ sheet9_ 75.png,4,Khan,sheet9,Khan_4_sheet9.JPG,75
dataset/images/4/ Khan_ 4_ sheet9_ 76.png,4,Khan,sheet9,Khan_4_sheet9.JPG,76
dataset/images/4/ Khan_ 4_ sheet9_ 77.png,4,Khan,sheet9,Khan_4_sheet9.JPG,77
dataset/images/4/ Khan_ 4_ sheet9_ 78.png,4,Khan,sheet9,Khan_4_sheet9.JPG,78
dataset/images/4/ Khan_ 4_ sheet9_ 79.png,4,Khan,sheet9,Khan_4_sheet9.JPG,79
dataset/images/4/ Khan_ 4_ sheet9_ 80.png,4,Khan,sheet9,Khan_4_sheet9.JPG,80
dataset/images/4/ Khan_ 4_ sheet9_ 81.png,4,Khan,sheet9,Khan_4_sheet9.JPG,81
dataset/images/4/ Khan_ 4_ sheet9_ 82.png,4,Khan,sheet9,Khan_4_sheet9.JPG,82
dataset/images/4/ Khan_ 4_ sheet9_ 83.png,4,Khan,sheet9,Khan_4_sheet9.JPG,83
dataset/images/4/ Khan_ 4_ sheet9_ 84.png,4,Khan,sheet9,Khan_4_sheet9.JPG,84
dataset/images/4/ Khan_ 4_ sheet9_ 85.png,4,Khan,sheet9,Khan_4_sheet9.JPG,85
dataset/images/4/ Khan_ 4_ sheet9_ 86.png,4,Khan,sheet9,Khan_4_sheet9.JPG,86
dataset/images/4/ Khan_ 4_ sheet9_ 87.png,4,Khan,sheet9,Khan_4_sheet9.JPG,87
dataset/images/4/ Khan_ 4_ sheet9_ 88.png,4,Khan,sheet9,Khan_4_sheet9.JPG,88
dataset/images/4/ Khan_ 4_ sheet9_ 89.png,4,Khan,sheet9,Khan_4_sheet9.JPG,89
dataset/images/4/ Khan_ 4_ sheet9_ 90.png,4,Khan,sheet9,Khan_4_sheet9.JPG,90
dataset/images/4/ Khan_ 4_ sheet9_ 91.png,4,Khan,sheet9,Khan_4_sheet9.JPG,91
dataset/images/4/ Khan_ 4_ sheet9_ 92.png,4,Khan,sheet9,Khan_4_sheet9.JPG,92
dataset/images/4/ Khan_ 4_ sheet9_ 93.png,4,Khan,sheet9,Khan_4_sheet9.JPG,93
dataset/images/4/ Khan_ 4_ sheet9_ 94.png,4,Khan,sheet9,Khan_4_sheet9.JPG,94
dataset/images/4/ Khan_ 4_ sheet9_ 95.png,4,Khan,sheet9,Khan_4_sheet9.JPG,95
dataset/images/4/ Khan_ 4_ sheet9_ 96.png,4,Khan,sheet9,Khan_4_sheet9.JPG,96
dataset/images/4/ Khan_ 4_ sheet9_ 97.png,4,Khan,sheet9,Khan_4_sheet9.JPG,97
dataset/images/4/ Khan_ 4_ sheet9_ 98.png,4,Khan,sheet9,Khan_4_sheet9.JPG,98
dataset/images/4/ Khan_ 4_ sheet9_ 99.png,4,Khan,sheet9,Khan_4_sheet9.JPG,99
dataset/images/5/ Khan_ 5_ sheet11_ 0.png,5,Khan,sheet11,Khan_5_sheet11.JPG,0
dataset/images/5/ Khan_ 5_ sheet11_ 1.png,5,Khan,sheet11,Khan_5_sheet11.JPG,1
dataset/images/5/ Khan_ 5_ sheet11_ 2.png,5,Khan,sheet11,Khan_5_sheet11.JPG,2
dataset/images/5/ Khan_ 5_ sheet11_ 3.png,5,Khan,sheet11,Khan_5_sheet11.JPG,3
dataset/images/5/ Khan_ 5_ sheet11_ 4.png,5,Khan,sheet11,Khan_5_sheet11.JPG,4
dataset/images/5/ Khan_ 5_ sheet11_ 5.png,5,Khan,sheet11,Khan_5_sheet11.JPG,5
dataset/images/5/ Khan_ 5_ sheet11_ 6.png,5,Khan,sheet11,Khan_5_sheet11.JPG,6
dataset/images/5/ Khan_ 5_ sheet11_ 7.png,5,Khan,sheet11,Khan_5_sheet11.JPG,7
dataset/images/5/ Khan_ 5_ sheet11_ 8.png,5,Khan,sheet11,Khan_5_sheet11.JPG,8
dataset/images/5/ Khan_ 5_ sheet11_ 9.png,5,Khan,sheet11,Khan_5_sheet11.JPG,9
dataset/images/5/ Khan_ 5_ sheet11_ 10.png,5,Khan,sheet11,Khan_5_sheet11.JPG,10
dataset/images/5/ Khan_ 5_ sheet11_ 11.png,5,Khan,sheet11,Khan_5_sheet11.JPG,11
dataset/images/5/ Khan_ 5_ sheet11_ 12.png,5,Khan,sheet11,Khan_5_sheet11.JPG,12
dataset/images/5/ Khan_ 5_ sheet11_ 13.png,5,Khan,sheet11,Khan_5_sheet11.JPG,13
dataset/images/5/ Khan_ 5_ sheet11_ 14.png,5,Khan,sheet11,Khan_5_sheet11.JPG,14
dataset/images/5/ Khan_ 5_ sheet11_ 15.png,5,Khan,sheet11,Khan_5_sheet11.JPG,15
dataset/images/5/ Khan_ 5_ sheet11_ 16.png,5,Khan,sheet11,Khan_5_sheet11.JPG,16
dataset/images/5/ Khan_ 5_ sheet11_ 17.png,5,Khan,sheet11,Khan_5_sheet11.JPG,17
dataset/images/5/ Khan_ 5_ sheet11_ 18.png,5,Khan,sheet11,Khan_5_sheet11.JPG,18
dataset/images/5/ Khan_ 5_ sheet11_ 19.png,5,Khan,sheet11,Khan_5_sheet11.JPG,19
dataset/images/5/ Khan_ 5_ sheet11_ 20.png,5,Khan,sheet11,Khan_5_sheet11.JPG,20
dataset/images/5/ Khan_ 5_ sheet11_ 21.png,5,Khan,sheet11,Khan_5_sheet11.JPG,21
dataset/images/5/ Khan_ 5_ sheet11_ 22.png,5,Khan,sheet11,Khan_5_sheet11.JPG,22
dataset/images/5/ Khan_ 5_ sheet11_ 23.png,5,Khan,sheet11,Khan_5_sheet11.JPG,23
dataset/images/5/ Khan_ 5_ sheet11_ 24.png,5,Khan,sheet11,Khan_5_sheet11.JPG,24
dataset/images/5/ Khan_ 5_ sheet11_ 25.png,5,Khan,sheet11,Khan_5_sheet11.JPG,25
dataset/images/5/ Khan_ 5_ sheet11_ 26.png,5,Khan,sheet11,Khan_5_sheet11.JPG,26
dataset/images/5/ Khan_ 5_ sheet11_ 27.png,5,Khan,sheet11,Khan_5_sheet11.JPG,27
dataset/images/5/ Khan_ 5_ sheet11_ 28.png,5,Khan,sheet11,Khan_5_sheet11.JPG,28
dataset/images/5/ Khan_ 5_ sheet11_ 29.png,5,Khan,sheet11,Khan_5_sheet11.JPG,29
dataset/images/5/ Khan_ 5_ sheet11_ 30.png,5,Khan,sheet11,Khan_5_sheet11.JPG,30
dataset/images/5/ Khan_ 5_ sheet11_ 31.png,5,Khan,sheet11,Khan_5_sheet11.JPG,31
dataset/images/5/ Khan_ 5_ sheet11_ 32.png,5,Khan,sheet11,Khan_5_sheet11.JPG,32
dataset/images/5/ Khan_ 5_ sheet11_ 33.png,5,Khan,sheet11,Khan_5_sheet11.JPG,33
dataset/images/5/ Khan_ 5_ sheet11_ 34.png,5,Khan,sheet11,Khan_5_sheet11.JPG,34
dataset/images/5/ Khan_ 5_ sheet11_ 35.png,5,Khan,sheet11,Khan_5_sheet11.JPG,35
dataset/images/5/ Khan_ 5_ sheet11_ 36.png,5,Khan,sheet11,Khan_5_sheet11.JPG,36
dataset/images/5/ Khan_ 5_ sheet11_ 37.png,5,Khan,sheet11,Khan_5_sheet11.JPG,37
dataset/images/5/ Khan_ 5_ sheet11_ 38.png,5,Khan,sheet11,Khan_5_sheet11.JPG,38
dataset/images/5/ Khan_ 5_ sheet11_ 39.png,5,Khan,sheet11,Khan_5_sheet11.JPG,39
dataset/images/5/ Khan_ 5_ sheet11_ 40.png,5,Khan,sheet11,Khan_5_sheet11.JPG,40
dataset/images/5/ Khan_ 5_ sheet11_ 41.png,5,Khan,sheet11,Khan_5_sheet11.JPG,41
dataset/images/5/ Khan_ 5_ sheet11_ 42.png,5,Khan,sheet11,Khan_5_sheet11.JPG,42
dataset/images/5/ Khan_ 5_ sheet11_ 43.png,5,Khan,sheet11,Khan_5_sheet11.JPG,43
dataset/images/5/ Khan_ 5_ sheet11_ 44.png,5,Khan,sheet11,Khan_5_sheet11.JPG,44
dataset/images/5/ Khan_ 5_ sheet11_ 45.png,5,Khan,sheet11,Khan_5_sheet11.JPG,45
dataset/images/5/ Khan_ 5_ sheet11_ 46.png,5,Khan,sheet11,Khan_5_sheet11.JPG,46
dataset/images/5/ Khan_ 5_ sheet11_ 47.png,5,Khan,sheet11,Khan_5_sheet11.JPG,47
dataset/images/5/ Khan_ 5_ sheet11_ 48.png,5,Khan,sheet11,Khan_5_sheet11.JPG,48
dataset/images/5/ Khan_ 5_ sheet11_ 49.png,5,Khan,sheet11,Khan_5_sheet11.JPG,49
dataset/images/5/ Khan_ 5_ sheet11_ 50.png,5,Khan,sheet11,Khan_5_sheet11.JPG,50
dataset/images/5/ Khan_ 5_ sheet11_ 51.png,5,Khan,sheet11,Khan_5_sheet11.JPG,51
dataset/images/5/ Khan_ 5_ sheet11_ 52.png,5,Khan,sheet11,Khan_5_sheet11.JPG,52
dataset/images/5/ Khan_ 5_ sheet11_ 53.png,5,Khan,sheet11,Khan_5_sheet11.JPG,53
dataset/images/5/ Khan_ 5_ sheet11_ 54.png,5,Khan,sheet11,Khan_5_sheet11.JPG,54
dataset/images/5/ Khan_ 5_ sheet11_ 55.png,5,Khan,sheet11,Khan_5_sheet11.JPG,55
dataset/images/5/ Khan_ 5_ sheet11_ 56.png,5,Khan,sheet11,Khan_5_sheet11.JPG,56
dataset/images/5/ Khan_ 5_ sheet11_ 57.png,5,Khan,sheet11,Khan_5_sheet11.JPG,57
dataset/images/5/ Khan_ 5_ sheet11_ 58.png,5,Khan,sheet11,Khan_5_sheet11.JPG,58
dataset/images/5/ Khan_ 5_ sheet11_ 59.png,5,Khan,sheet11,Khan_5_sheet11.JPG,59
dataset/images/5/ Khan_ 5_ sheet11_ 60.png,5,Khan,sheet11,Khan_5_sheet11.JPG,60
dataset/images/5/ Khan_ 5_ sheet11_ 61.png,5,Khan,sheet11,Khan_5_sheet11.JPG,61
dataset/images/5/ Khan_ 5_ sheet11_ 62.png,5,Khan,sheet11,Khan_5_sheet11.JPG,62
dataset/images/5/ Khan_ 5_ sheet11_ 63.png,5,Khan,sheet11,Khan_5_sheet11.JPG,63
dataset/images/5/ Khan_ 5_ sheet11_ 64.png,5,Khan,sheet11,Khan_5_sheet11.JPG,64
dataset/images/5/ Khan_ 5_ sheet11_ 65.png,5,Khan,sheet11,Khan_5_sheet11.JPG,65
dataset/images/5/ Khan_ 5_ sheet11_ 66.png,5,Khan,sheet11,Khan_5_sheet11.JPG,66
dataset/images/5/ Khan_ 5_ sheet11_ 67.png,5,Khan,sheet11,Khan_5_sheet11.JPG,67
dataset/images/5/ Khan_ 5_ sheet11_ 68.png,5,Khan,sheet11,Khan_5_sheet11.JPG,68
dataset/images/5/ Khan_ 5_ sheet11_ 69.png,5,Khan,sheet11,Khan_5_sheet11.JPG,69
dataset/images/5/ Khan_ 5_ sheet11_ 70.png,5,Khan,sheet11,Khan_5_sheet11.JPG,70
dataset/images/5/ Khan_ 5_ sheet11_ 71.png,5,Khan,sheet11,Khan_5_sheet11.JPG,71
dataset/images/5/ Khan_ 5_ sheet11_ 72.png,5,Khan,sheet11,Khan_5_sheet11.JPG,72
dataset/images/5/ Khan_ 5_ sheet11_ 73.png,5,Khan,sheet11,Khan_5_sheet11.JPG,73
dataset/images/5/ Khan_ 5_ sheet11_ 74.png,5,Khan,sheet11,Khan_5_sheet11.JPG,74
dataset/images/5/ Khan_ 5_ sheet11_ 75.png,5,Khan,sheet11,Khan_5_sheet11.JPG,75
dataset/images/5/ Khan_ 5_ sheet11_ 76.png,5,Khan,sheet11,Khan_5_sheet11.JPG,76
dataset/images/5/ Khan_ 5_ sheet11_ 77.png,5,Khan,sheet11,Khan_5_sheet11.JPG,77
dataset/images/5/ Khan_ 5_ sheet11_ 78.png,5,Khan,sheet11,Khan_5_sheet11.JPG,78
dataset/images/5/ Khan_ 5_ sheet11_ 79.png,5,Khan,sheet11,Khan_5_sheet11.JPG,79
dataset/images/5/ Khan_ 5_ sheet11_ 80.png,5,Khan,sheet11,Khan_5_sheet11.JPG,80
dataset/images/5/ Khan_ 5_ sheet11_ 81.png,5,Khan,sheet11,Khan_5_sheet11.JPG,81
dataset/images/5/ Khan_ 5_ sheet11_ 82.png,5,Khan,sheet11,Khan_5_sheet11.JPG,82
dataset/images/5/ Khan_ 5_ sheet11_ 83.png,5,Khan,sheet11,Khan_5_sheet11.JPG,83
dataset/images/5/ Khan_ 5_ sheet11_ 84.png,5,Khan,sheet11,Khan_5_sheet11.JPG,84
dataset/images/5/ Khan_ 5_ sheet11_ 85.png,5,Khan,sheet11,Khan_5_sheet11.JPG,85
dataset/images/5/ Khan_ 5_ sheet11_ 86.png,5,Khan,sheet11,Khan_5_sheet11.JPG,86
dataset/images/5/ Khan_ 5_ sheet11_ 87.png,5,Khan,sheet11,Khan_5_sheet11.JPG,87
dataset/images/5/ Khan_ 5_ sheet11_ 88.png,5,Khan,sheet11,Khan_5_sheet11.JPG,88
dataset/images/5/ Khan_ 5_ sheet11_ 89.png,5,Khan,sheet11,Khan_5_sheet11.JPG,89
dataset/images/5/ Khan_ 5_ sheet11_ 90.png,5,Khan,sheet11,Khan_5_sheet11.JPG,90
dataset/images/5/ Khan_ 5_ sheet11_ 91.png,5,Khan,sheet11,Khan_5_sheet11.JPG,91
dataset/images/5/ Khan_ 5_ sheet11_ 92.png,5,Khan,sheet11,Khan_5_sheet11.JPG,92
dataset/images/5/ Khan_ 5_ sheet11_ 93.png,5,Khan,sheet11,Khan_5_sheet11.JPG,93
dataset/images/5/ Khan_ 5_ sheet11_ 94.png,5,Khan,sheet11,Khan_5_sheet11.JPG,94
dataset/images/5/ Khan_ 5_ sheet11_ 95.png,5,Khan,sheet11,Khan_5_sheet11.JPG,95
dataset/images/5/ Khan_ 5_ sheet11_ 96.png,5,Khan,sheet11,Khan_5_sheet11.JPG,96
dataset/images/5/ Khan_ 5_ sheet11_ 97.png,5,Khan,sheet11,Khan_5_sheet11.JPG,97
dataset/images/5/ Khan_ 5_ sheet11_ 98.png,5,Khan,sheet11,Khan_5_sheet11.JPG,98
dataset/images/5/ Khan_ 5_ sheet11_ 99.png,5,Khan,sheet11,Khan_5_sheet11.JPG,99
dataset/images/5/ Khan_ 5_ sheet12_ 0.png,5,Khan,sheet12,Khan_5_sheet12.JPG,0
dataset/images/5/ Khan_ 5_ sheet12_ 1.png,5,Khan,sheet12,Khan_5_sheet12.JPG,1
dataset/images/5/ Khan_ 5_ sheet12_ 2.png,5,Khan,sheet12,Khan_5_sheet12.JPG,2
dataset/images/5/ Khan_ 5_ sheet12_ 3.png,5,Khan,sheet12,Khan_5_sheet12.JPG,3
dataset/images/5/ Khan_ 5_ sheet12_ 4.png,5,Khan,sheet12,Khan_5_sheet12.JPG,4
dataset/images/5/ Khan_ 5_ sheet12_ 5.png,5,Khan,sheet12,Khan_5_sheet12.JPG,5
dataset/images/5/ Khan_ 5_ sheet12_ 6.png,5,Khan,sheet12,Khan_5_sheet12.JPG,6
dataset/images/5/ Khan_ 5_ sheet12_ 7.png,5,Khan,sheet12,Khan_5_sheet12.JPG,7
dataset/images/5/ Khan_ 5_ sheet12_ 8.png,5,Khan,sheet12,Khan_5_sheet12.JPG,8
dataset/images/5/ Khan_ 5_ sheet12_ 9.png,5,Khan,sheet12,Khan_5_sheet12.JPG,9
dataset/images/5/ Khan_ 5_ sheet12_ 10.png,5,Khan,sheet12,Khan_5_sheet12.JPG,10
dataset/images/5/ Khan_ 5_ sheet12_ 11.png,5,Khan,sheet12,Khan_5_sheet12.JPG,11
dataset/images/5/ Khan_ 5_ sheet12_ 12.png,5,Khan,sheet12,Khan_5_sheet12.JPG,12
dataset/images/5/ Khan_ 5_ sheet12_ 13.png,5,Khan,sheet12,Khan_5_sheet12.JPG,13
dataset/images/5/ Khan_ 5_ sheet12_ 14.png,5,Khan,sheet12,Khan_5_sheet12.JPG,14
dataset/images/5/ Khan_ 5_ sheet12_ 15.png,5,Khan,sheet12,Khan_5_sheet12.JPG,15
dataset/images/5/ Khan_ 5_ sheet12_ 16.png,5,Khan,sheet12,Khan_5_sheet12.JPG,16
dataset/images/5/ Khan_ 5_ sheet12_ 17.png,5,Khan,sheet12,Khan_5_sheet12.JPG,17
dataset/images/5/ Khan_ 5_ sheet12_ 18.png,5,Khan,sheet12,Khan_5_sheet12.JPG,18
dataset/images/5/ Khan_ 5_ sheet12_ 19.png,5,Khan,sheet12,Khan_5_sheet12.JPG,19
dataset/images/5/ Khan_ 5_ sheet12_ 20.png,5,Khan,sheet12,Khan_5_sheet12.JPG,20
dataset/images/5/ Khan_ 5_ sheet12_ 21.png,5,Khan,sheet12,Khan_5_sheet12.JPG,21
dataset/images/5/ Khan_ 5_ sheet12_ 22.png,5,Khan,sheet12,Khan_5_sheet12.JPG,22
dataset/images/5/ Khan_ 5_ sheet12_ 23.png,5,Khan,sheet12,Khan_5_sheet12.JPG,23
dataset/images/5/ Khan_ 5_ sheet12_ 24.png,5,Khan,sheet12,Khan_5_sheet12.JPG,24
dataset/images/5/ Khan_ 5_ sheet12_ 25.png,5,Khan,sheet12,Khan_5_sheet12.JPG,25
dataset/images/5/ Khan_ 5_ sheet12_ 26.png,5,Khan,sheet12,Khan_5_sheet12.JPG,26
dataset/images/5/ Khan_ 5_ sheet12_ 27.png,5,Khan,sheet12,Khan_5_sheet12.JPG,27
dataset/images/5/ Khan_ 5_ sheet12_ 28.png,5,Khan,sheet12,Khan_5_sheet12.JPG,28
dataset/images/5/ Khan_ 5_ sheet12_ 29.png,5,Khan,sheet12,Khan_5_sheet12.JPG,29
dataset/images/5/ Khan_ 5_ sheet12_ 30.png,5,Khan,sheet12,Khan_5_sheet12.JPG,30
dataset/images/5/ Khan_ 5_ sheet12_ 31.png,5,Khan,sheet12,Khan_5_sheet12.JPG,31
dataset/images/5/ Khan_ 5_ sheet12_ 32.png,5,Khan,sheet12,Khan_5_sheet12.JPG,32
dataset/images/5/ Khan_ 5_ sheet12_ 33.png,5,Khan,sheet12,Khan_5_sheet12.JPG,33
dataset/images/5/ Khan_ 5_ sheet12_ 34.png,5,Khan,sheet12,Khan_5_sheet12.JPG,34
dataset/images/5/ Khan_ 5_ sheet12_ 35.png,5,Khan,sheet12,Khan_5_sheet12.JPG,35
dataset/images/5/ Khan_ 5_ sheet12_ 36.png,5,Khan,sheet12,Khan_5_sheet12.JPG,36
dataset/images/5/ Khan_ 5_ sheet12_ 37.png,5,Khan,sheet12,Khan_5_sheet12.JPG,37
dataset/images/5/ Khan_ 5_ sheet12_ 38.png,5,Khan,sheet12,Khan_5_sheet12.JPG,38
dataset/images/5/ Khan_ 5_ sheet12_ 39.png,5,Khan,sheet12,Khan_5_sheet12.JPG,39
dataset/images/5/ Khan_ 5_ sheet12_ 40.png,5,Khan,sheet12,Khan_5_sheet12.JPG,40
dataset/images/5/ Khan_ 5_ sheet12_ 41.png,5,Khan,sheet12,Khan_5_sheet12.JPG,41
dataset/images/5/ Khan_ 5_ sheet12_ 42.png,5,Khan,sheet12,Khan_5_sheet12.JPG,42
dataset/images/5/ Khan_ 5_ sheet12_ 43.png,5,Khan,sheet12,Khan_5_sheet12.JPG,43
dataset/images/5/ Khan_ 5_ sheet12_ 44.png,5,Khan,sheet12,Khan_5_sheet12.JPG,44
dataset/images/5/ Khan_ 5_ sheet12_ 45.png,5,Khan,sheet12,Khan_5_sheet12.JPG,45
dataset/images/5/ Khan_ 5_ sheet12_ 46.png,5,Khan,sheet12,Khan_5_sheet12.JPG,46
dataset/images/5/ Khan_ 5_ sheet12_ 47.png,5,Khan,sheet12,Khan_5_sheet12.JPG,47
dataset/images/5/ Khan_ 5_ sheet12_ 48.png,5,Khan,sheet12,Khan_5_sheet12.JPG,48
dataset/images/5/ Khan_ 5_ sheet12_ 49.png,5,Khan,sheet12,Khan_5_sheet12.JPG,49
dataset/images/5/ Khan_ 5_ sheet12_ 50.png,5,Khan,sheet12,Khan_5_sheet12.JPG,50
dataset/images/5/ Khan_ 5_ sheet12_ 51.png,5,Khan,sheet12,Khan_5_sheet12.JPG,51
dataset/images/5/ Khan_ 5_ sheet12_ 52.png,5,Khan,sheet12,Khan_5_sheet12.JPG,52
dataset/images/5/ Khan_ 5_ sheet12_ 53.png,5,Khan,sheet12,Khan_5_sheet12.JPG,53
dataset/images/5/ Khan_ 5_ sheet12_ 54.png,5,Khan,sheet12,Khan_5_sheet12.JPG,54
dataset/images/5/ Khan_ 5_ sheet12_ 55.png,5,Khan,sheet12,Khan_5_sheet12.JPG,55
dataset/images/5/ Khan_ 5_ sheet12_ 56.png,5,Khan,sheet12,Khan_5_sheet12.JPG,56
dataset/images/5/ Khan_ 5_ sheet12_ 57.png,5,Khan,sheet12,Khan_5_sheet12.JPG,57
dataset/images/5/ Khan_ 5_ sheet12_ 58.png,5,Khan,sheet12,Khan_5_sheet12.JPG,58
dataset/images/5/ Khan_ 5_ sheet12_ 59.png,5,Khan,sheet12,Khan_5_sheet12.JPG,59
dataset/images/5/ Khan_ 5_ sheet12_ 60.png,5,Khan,sheet12,Khan_5_sheet12.JPG,60
dataset/images/5/ Khan_ 5_ sheet12_ 61.png,5,Khan,sheet12,Khan_5_sheet12.JPG,61
dataset/images/5/ Khan_ 5_ sheet12_ 62.png,5,Khan,sheet12,Khan_5_sheet12.JPG,62
dataset/images/5/ Khan_ 5_ sheet12_ 63.png,5,Khan,sheet12,Khan_5_sheet12.JPG,63
dataset/images/5/ Khan_ 5_ sheet12_ 64.png,5,Khan,sheet12,Khan_5_sheet12.JPG,64
dataset/images/5/ Khan_ 5_ sheet12_ 65.png,5,Khan,sheet12,Khan_5_sheet12.JPG,65
dataset/images/5/ Khan_ 5_ sheet12_ 66.png,5,Khan,sheet12,Khan_5_sheet12.JPG,66
dataset/images/5/ Khan_ 5_ sheet12_ 67.png,5,Khan,sheet12,Khan_5_sheet12.JPG,67
dataset/images/5/ Khan_ 5_ sheet12_ 68.png,5,Khan,sheet12,Khan_5_sheet12.JPG,68
dataset/images/5/ Khan_ 5_ sheet12_ 69.png,5,Khan,sheet12,Khan_5_sheet12.JPG,69
dataset/images/5/ Khan_ 5_ sheet12_ 70.png,5,Khan,sheet12,Khan_5_sheet12.JPG,70
dataset/images/5/ Khan_ 5_ sheet12_ 71.png,5,Khan,sheet12,Khan_5_sheet12.JPG,71
dataset/images/5/ Khan_ 5_ sheet12_ 72.png,5,Khan,sheet12,Khan_5_sheet12.JPG,72
dataset/images/5/ Khan_ 5_ sheet12_ 73.png,5,Khan,sheet12,Khan_5_sheet12.JPG,73
dataset/images/5/ Khan_ 5_ sheet12_ 74.png,5,Khan,sheet12,Khan_5_sheet12.JPG,74
dataset/images/5/ Khan_ 5_ sheet12_ 75.png,5,Khan,sheet12,Khan_5_sheet12.JPG,75
dataset/images/5/ Khan_ 5_ sheet12_ 76.png,5,Khan,sheet12,Khan_5_sheet12.JPG,76
dataset/images/5/ Khan_ 5_ sheet12_ 77.png,5,Khan,sheet12,Khan_5_sheet12.JPG,77
dataset/images/5/ Khan_ 5_ sheet12_ 78.png,5,Khan,sheet12,Khan_5_sheet12.JPG,78
dataset/images/5/ Khan_ 5_ sheet12_ 79.png,5,Khan,sheet12,Khan_5_sheet12.JPG,79
dataset/images/5/ Khan_ 5_ sheet12_ 80.png,5,Khan,sheet12,Khan_5_sheet12.JPG,80
dataset/images/5/ Khan_ 5_ sheet12_ 81.png,5,Khan,sheet12,Khan_5_sheet12.JPG,81
dataset/images/5/ Khan_ 5_ sheet12_ 82.png,5,Khan,sheet12,Khan_5_sheet12.JPG,82
dataset/images/5/ Khan_ 5_ sheet12_ 83.png,5,Khan,sheet12,Khan_5_sheet12.JPG,83
dataset/images/5/ Khan_ 5_ sheet12_ 84.png,5,Khan,sheet12,Khan_5_sheet12.JPG,84
dataset/images/5/ Khan_ 5_ sheet12_ 85.png,5,Khan,sheet12,Khan_5_sheet12.JPG,85
dataset/images/5/ Khan_ 5_ sheet12_ 86.png,5,Khan,sheet12,Khan_5_sheet12.JPG,86
dataset/images/5/ Khan_ 5_ sheet12_ 87.png,5,Khan,sheet12,Khan_5_sheet12.JPG,87
dataset/images/5/ Khan_ 5_ sheet12_ 88.png,5,Khan,sheet12,Khan_5_sheet12.JPG,88
dataset/images/5/ Khan_ 5_ sheet12_ 89.png,5,Khan,sheet12,Khan_5_sheet12.JPG,89
dataset/images/5/ Khan_ 5_ sheet12_ 90.png,5,Khan,sheet12,Khan_5_sheet12.JPG,90
dataset/images/5/ Khan_ 5_ sheet12_ 91.png,5,Khan,sheet12,Khan_5_sheet12.JPG,91
dataset/images/5/ Khan_ 5_ sheet12_ 92.png,5,Khan,sheet12,Khan_5_sheet12.JPG,92
dataset/images/5/ Khan_ 5_ sheet12_ 93.png,5,Khan,sheet12,Khan_5_sheet12.JPG,93
dataset/images/5/ Khan_ 5_ sheet12_ 94.png,5,Khan,sheet12,Khan_5_sheet12.JPG,94
dataset/images/5/ Khan_ 5_ sheet12_ 95.png,5,Khan,sheet12,Khan_5_sheet12.JPG,95
dataset/images/5/ Khan_ 5_ sheet12_ 96.png,5,Khan,sheet12,Khan_5_sheet12.JPG,96
dataset/images/5/ Khan_ 5_ sheet12_ 97.png,5,Khan,sheet12,Khan_5_sheet12.JPG,97
dataset/images/5/ Khan_ 5_ sheet12_ 98.png,5,Khan,sheet12,Khan_5_sheet12.JPG,98
dataset/images/5/ Khan_ 5_ sheet12_ 99.png,5,Khan,sheet12,Khan_5_sheet12.JPG,99
